PRAGMA defer_foreign_keys=TRUE;
CREATE TABLE d1_migrations(
		id         INTEGER PRIMARY KEY AUTOINCREMENT,
		name       TEXT UNIQUE,
		applied_at TIMESTAMP DEFAULT CURRENT_TIMESTAMP NOT NULL
);
INSERT INTO "d1_migrations" VALUES(1,'0001_initial_schema.sql','2025-08-25 04:41:17');
INSERT INTO "d1_migrations" VALUES(2,'0002_add_multiple_vehicles.sql','2025-08-25 04:41:18');
INSERT INTO "d1_migrations" VALUES(3,'0003_backup_system.sql','2025-08-25 04:41:18');
INSERT INTO "d1_migrations" VALUES(4,'0004_backup_schedule.sql','2025-08-25 04:41:18');
INSERT INTO "d1_migrations" VALUES(5,'0005_add_contact_person_to_projects.sql','2025-09-18 08:48:14');
INSERT INTO "d1_migrations" VALUES(6,'0005_system_settings.sql','2025-09-19 06:49:06');
CREATE TABLE customers (
  id INTEGER PRIMARY KEY AUTOINCREMENT,
  name TEXT NOT NULL,                    
  contact_person TEXT,                   
  phone TEXT,                           
  email TEXT,                           
  address TEXT,                         
  notes TEXT,                           
  user_id TEXT NOT NULL,                
  created_at DATETIME DEFAULT CURRENT_TIMESTAMP,
  updated_at DATETIME DEFAULT CURRENT_TIMESTAMP
, active INTEGER DEFAULT 1);
INSERT INTO "customers" VALUES(23,'カッシーナ','','','','','','test-user-001','2025-09-21 12:16:46','2025-09-21 12:16:46',1);
INSERT INTO "customers" VALUES(24,'フリー見積顧客','担当者','','','',NULL,'system','2025-09-21 12:27:28','2025-09-21 12:27:28',1);
INSERT INTO "customers" VALUES(25,'ハナコファーム','','09035065475','nobugon5551111@gmail.com','大和田新田747-1','test','test-user-001','2025-10-05 22:36:50','2025-10-05 22:36:50',1);
INSERT INTO "customers" VALUES(26,'アルフレックス',NULL,'09035065475','nobugon5551111@gmail.com','大和田新田747-1',NULL,'test-user-001','2025-10-06 05:32:27','2025-10-06 05:32:27',1);
INSERT INTO "customers" VALUES(27,'ロジボン',NULL,NULL,NULL,NULL,NULL,'test-user-001','2025-10-08 00:17:02','2025-10-08 00:17:02',1);
CREATE TABLE projects (
  id INTEGER PRIMARY KEY AUTOINCREMENT,
  customer_id INTEGER NOT NULL,          
  name TEXT NOT NULL,                    
  description TEXT,                      
  status TEXT NOT NULL DEFAULT 'initial', 
  user_id TEXT NOT NULL,
  created_at DATETIME DEFAULT CURRENT_TIMESTAMP,
  updated_at DATETIME DEFAULT CURRENT_TIMESTAMP, contact_person TEXT NOT NULL DEFAULT '', customer_contact_person TEXT DEFAULT '',
  FOREIGN KEY (customer_id) REFERENCES customers(id)
);
INSERT INTO "projects" VALUES(24,23,'1207　ホテル納品',NULL,'order','test-user-001','2025-09-21 12:17:14','2025-09-23 22:34:53','前川','佐藤');
INSERT INTO "projects" VALUES(25,24,'フリー見積プロジェクト',replace('顧客: サンプル株式会社\n案件: 本社移転プロジェクト','\n',char(10)),'active','system','2025-09-21 12:27:28','2025-09-21 12:27:28','担当者','');
INSERT INTO "projects" VALUES(26,23,'1207　ホテル納品',NULL,'order','test-user-001','2025-09-21 12:40:10','2025-09-23 22:34:32','前川','佐藤');
INSERT INTO "projects" VALUES(27,23,'1207　ホテル納品',NULL,'active','test-user-001','2025-09-21 12:46:23','2025-09-21 12:46:23','前川','佐藤');
INSERT INTO "projects" VALUES(28,23,'1206　ホテル納品',NULL,'active','test-user-001','2025-09-21 14:16:50','2025-09-21 14:16:50','前川','佐藤');
INSERT INTO "projects" VALUES(29,23,'1206　ホテル納品',NULL,'order','test-user-001','2025-09-23 22:23:17','2025-09-23 22:34:19','前川','佐藤');
INSERT INTO "projects" VALUES(30,23,'吹田市納品',NULL,'active','test-user-001','2025-09-24 04:42:14','2025-09-24 04:42:14','前川','中村');
INSERT INTO "projects" VALUES(31,23,'1207　ホテル納品',NULL,'active','test-user-001','2025-09-25 04:51:17','2025-09-25 04:51:17','前川','佐藤');
INSERT INTO "projects" VALUES(32,23,'ホテル納品1',NULL,'active','test-user-001','2025-10-03 09:42:29','2025-10-03 09:42:29','前川','');
INSERT INTO "projects" VALUES(33,23,'1206　ホテル納品',NULL,'active','test-user-001','2025-10-03 22:45:07','2025-10-03 22:45:07','前川','');
INSERT INTO "projects" VALUES(34,23,'1206　ホテル納品',NULL,'active','test-user-001','2025-10-03 22:47:34','2025-10-03 22:47:34','前川','');
INSERT INTO "projects" VALUES(35,25,'1207　ホテル納品',NULL,'active','test-user-001','2025-10-05 22:37:44','2025-10-05 22:37:44','前川','');
INSERT INTO "projects" VALUES(36,23,'ホテル納品1',NULL,'active','test-user-001','2025-10-08 01:47:46','2025-10-08 01:47:46','前川','佐藤');
INSERT INTO "projects" VALUES(37,23,'ホテル納品1',NULL,'active','test-user-001','2025-10-08 01:48:35','2025-10-08 01:48:35','前川','佐藤');
INSERT INTO "projects" VALUES(38,26,'1206　ホテル納品',NULL,'active','test-user-001','2025-10-08 03:30:20','2025-10-08 03:30:20','前川','佐藤');
INSERT INTO "projects" VALUES(39,25,'1206　ホテル納品',NULL,'active','test-user-001','2025-10-08 03:32:43','2025-10-08 03:32:43','前川','佐藤');
INSERT INTO "projects" VALUES(40,26,'2206　ホテル納品',NULL,'active','test-user-001','2025-10-08 04:12:21','2025-10-08 04:12:21','前川','佐藤');
INSERT INTO "projects" VALUES(41,26,'1206　ホテル納品',NULL,'active','test-user-001','2025-10-08 12:22:51','2025-10-08 12:22:51','前川','佐藤');
INSERT INTO "projects" VALUES(42,26,'1207　ホテル納品',NULL,'active','test-user-001','2025-10-09 03:02:18','2025-10-09 03:02:18','前川','佐藤');
INSERT INTO "projects" VALUES(43,26,'1207　ホテル納品',NULL,'active','test-user-001','2025-10-12 02:04:16','2025-10-12 02:04:16','前川','佐藤');
CREATE TABLE estimates (
  id INTEGER PRIMARY KEY AUTOINCREMENT,
  customer_id INTEGER NOT NULL,          
  project_id INTEGER NOT NULL,           
  estimate_number TEXT NOT NULL,         
  
  
  delivery_address TEXT NOT NULL,        
  delivery_postal_code TEXT,             
  delivery_area TEXT NOT NULL,           
  
  
  vehicle_type TEXT NOT NULL,            
  operation_type TEXT NOT NULL,          
  vehicle_cost REAL NOT NULL DEFAULT 0,  
  
  
  supervisor_count INTEGER DEFAULT 0,    
  leader_count INTEGER DEFAULT 0,        
  m2_staff_half_day INTEGER DEFAULT 0,   
  m2_staff_full_day INTEGER DEFAULT 0,   
  temp_staff_half_day INTEGER DEFAULT 0, 
  temp_staff_full_day INTEGER DEFAULT 0, 
  staff_cost REAL NOT NULL DEFAULT 0,    
  
  
  parking_officer_hours REAL DEFAULT 0,  
  parking_officer_cost REAL DEFAULT 0,   
  
  transport_vehicles INTEGER DEFAULT 0,   
  transport_within_20km BOOLEAN DEFAULT TRUE, 
  transport_distance REAL DEFAULT 0,     
  transport_fuel_cost REAL DEFAULT 0,    
  transport_cost REAL DEFAULT 0,         
  
  waste_disposal_size TEXT DEFAULT 'none', 
  waste_disposal_cost REAL DEFAULT 0,    
  
  protection_work BOOLEAN DEFAULT FALSE, 
  protection_floors INTEGER DEFAULT 0,   
  protection_cost REAL DEFAULT 0,        
  
  material_collection_size TEXT DEFAULT 'none', 
  material_collection_cost REAL DEFAULT 0, 
  
  construction_m2_staff INTEGER DEFAULT 0, 
  construction_partner TEXT,              
  construction_cost REAL DEFAULT 0,      
  
  work_time_type TEXT DEFAULT 'normal',  
  work_time_multiplier REAL DEFAULT 1.0, 
  
  parking_fee REAL DEFAULT 0,            
  highway_fee REAL DEFAULT 0,            
  
  
  subtotal REAL NOT NULL DEFAULT 0,      
  tax_rate REAL NOT NULL DEFAULT 0.1,    
  tax_amount REAL NOT NULL DEFAULT 0,    
  total_amount REAL NOT NULL DEFAULT 0,  
  
  
  notes TEXT,                            
  ai_email_generated TEXT,               
  pdf_generated BOOLEAN DEFAULT FALSE,   
  user_id TEXT NOT NULL,
  created_at DATETIME DEFAULT CURRENT_TIMESTAMP,
  updated_at DATETIME DEFAULT CURRENT_TIMESTAMP, vehicle_2t_count INTEGER NOT NULL DEFAULT 0, vehicle_4t_count INTEGER NOT NULL DEFAULT 0, external_contractor_cost REAL NOT NULL DEFAULT 0, uses_multiple_vehicles BOOLEAN NOT NULL DEFAULT FALSE, estimate_type TEXT DEFAULT 'standard', discount_amount REAL DEFAULT 0, free_status TEXT DEFAULT 'draft', assigned_staff_id INTEGER, assigned_staff_name TEXT,
  
  FOREIGN KEY (customer_id) REFERENCES customers(id),
  FOREIGN KEY (project_id) REFERENCES projects(id)
);
INSERT INTO "estimates" VALUES(10,23,24,'EST-2025-715','大阪府大阪市西区土佐堀',NULL,'A','複数車両','終日',0,0,0,0,0,0,0,53500,0,0,0,1,0,0,0,'none',0,0,0,0,'none',0,0,NULL,0,'normal',1,0,0,99250,0.1,9925,109175,NULL,NULL,0,'test-user-001','2025-09-21 12:18:55','2025-09-21 12:18:55',1,1,0,1,'standard',0,'draft',NULL,NULL);
INSERT INTO "estimates" VALUES(11,24,25,'FREE-2025-040','顧客: サンプル株式会社, 案件: 本社移転プロジェクト, 値引: 0円','','other','フリー','フリー',0,0,0,0,0,0,0,0,0,0,0,1,0,0,0,'none',0,0,0,0,'none',0,0,NULL,0,'normal',1,0,0,55000,0.1,5500,60500,replace('aaaaaa\n\n[値引き明細]\n元の小計: 55,000円\n値引き額: 0円\n値引き後: 55,000円','\n',char(10)),NULL,0,'system','2025-09-21 12:27:28','2025-09-21 12:27:28',0,0,0,0,'free',0,'draft',NULL,NULL);
INSERT INTO "estimates" VALUES(12,23,26,'EST-2025-922','大阪府大阪市西区土佐堀',NULL,'A','複数車両','半日',0,0,0,0,0,0,0,53500,0,0,0,1,0,0,0,'none',0,0,0,0,'none',0,0,NULL,0,'normal',1,0,0,172500,0.1,17250,189750,NULL,NULL,0,'test-user-001','2025-09-21 12:41:48','2025-10-03 10:45:04',1,1,0,1,'standard',0,'order',NULL,NULL);
INSERT INTO "estimates" VALUES(13,23,29,'EST-2025-036','大阪府大阪市西区土佐堀',NULL,'A','複数車両','終日',0,0,0,0,0,0,0,53500,0,0,0,1,0,0,0,'none',0,0,0,0,'none',0,0,NULL,0,'normal',1,0,0,76500,0.1,7650,84150,NULL,NULL,0,'test-user-001','2025-09-23 22:24:10','2025-10-03 10:39:43',1,1,0,1,'standard',0,'order',NULL,NULL);
INSERT INTO "estimates" VALUES(14,23,34,'EST-2025-761','大阪府大阪市西区土佐堀',NULL,'A','複数車両','半日',130000,0,0,0,0,0,0,28000,0,0,0,1,0,0,0,'none',0,0,0,0,'none',0,0,NULL,0,'normal',1,0,0,396000,0.1,39600,435600,NULL,NULL,0,'test-user-001','2025-10-03 22:50:11','2025-10-03 22:50:11',1,1,0,1,'standard',0,'initial',NULL,NULL);
INSERT INTO "estimates" VALUES(15,25,35,'EST-2025-215','大阪府大阪市西区土佐堀',NULL,'A','複数車両','終日',75000,0,0,0,0,0,0,190000,0,0,0,1,0,0,0,'none',0,0,0,0,'none',0,0,NULL,0,'normal',1,0,0,377500,0.1,37750,415250,NULL,NULL,0,'test-user-001','2025-10-05 22:40:01','2025-10-05 22:40:01',1,1,0,1,'standard',0,'initial',NULL,NULL);
INSERT INTO "estimates" VALUES(16,26,41,'EST-2025-569','大阪府大阪市西区土佐堀',NULL,'A','複数車両','終日',130000,0,0,0,0,0,0,29500,0,0,0,1,0,0,0,'none',0,0,0,0,'none',0,0,NULL,0,'normal',1,0,0,257900,0.1,25790,283690,NULL,NULL,0,'test-user-001','2025-10-08 12:24:23','2025-10-08 12:24:23',1,1,0,1,'standard',0,'initial',NULL,NULL);
INSERT INTO "estimates" VALUES(17,26,42,'EST-2025-303','大阪府大阪市西区土佐堀',NULL,'A','複数車両','終日',130000,0,0,0,0,0,0,29500,0,0,0,1,0,0,0,'none',0,0,0,0,'none',0,0,NULL,0,'normal',1,0,0,227900,0.1,22790,250690,NULL,NULL,0,'test-user-001','2025-10-09 03:03:22','2025-10-09 03:03:22',1,1,0,1,'standard',0,'initial',NULL,NULL);
CREATE TABLE status_history (
  id INTEGER PRIMARY KEY AUTOINCREMENT,
  project_id INTEGER NOT NULL,           
  estimate_id INTEGER,                   
  old_status TEXT,                       
  new_status TEXT NOT NULL,              
  notes TEXT,                           
  user_id TEXT NOT NULL,
  created_at DATETIME DEFAULT CURRENT_TIMESTAMP,
  FOREIGN KEY (project_id) REFERENCES projects(id),
  FOREIGN KEY (estimate_id) REFERENCES estimates(id)
);
INSERT INTO "status_history" VALUES(4,29,NULL,'active','order','','test-user-001','2025-09-23 22:34:19');
INSERT INTO "status_history" VALUES(5,26,NULL,'active','order','','test-user-001','2025-09-23 22:34:32');
INSERT INTO "status_history" VALUES(6,24,NULL,'active','order','','test-user-001','2025-09-23 22:34:53');
CREATE TABLE master_settings (
  id INTEGER PRIMARY KEY AUTOINCREMENT,
  category TEXT NOT NULL,                
  subcategory TEXT NOT NULL,             
  key TEXT NOT NULL,                     
  value TEXT NOT NULL,                   
  data_type TEXT DEFAULT 'string',       
  description TEXT,                      
  user_id TEXT NOT NULL,
  created_at DATETIME DEFAULT CURRENT_TIMESTAMP,
  updated_at DATETIME DEFAULT CURRENT_TIMESTAMP,
  UNIQUE(category, subcategory, key, user_id)
);
INSERT INTO "master_settings" VALUES(7,'vehicle','2t_shared_A','price','25000','number','2t車共配・Aエリア','test-user-001','2025-08-25 05:24:42','2025-08-25 05:24:42');
INSERT INTO "master_settings" VALUES(8,'vehicle','2t_shared_B','price','28000','number','2t車共配・Bエリア','test-user-001','2025-08-25 05:24:42','2025-08-25 05:24:42');
INSERT INTO "master_settings" VALUES(9,'vehicle','2t_shared_C','price','32000','number','2t車共配・Cエリア','test-user-001','2025-08-25 05:24:42','2025-08-25 05:24:42');
INSERT INTO "master_settings" VALUES(10,'vehicle','2t_shared_D','price','40000','number','2t車共配・Dエリア','test-user-001','2025-08-25 05:24:42','2025-08-25 05:24:42');
INSERT INTO "master_settings" VALUES(11,'vehicle','2t_half_day_A','price','35000','number','2t車半日・Aエリア','test-user-001','2025-08-25 05:24:42','2025-08-25 05:24:42');
INSERT INTO "master_settings" VALUES(12,'vehicle','2t_half_day_B','price','38000','number','2t車半日・Bエリア','test-user-001','2025-08-25 05:24:42','2025-08-25 05:24:42');
INSERT INTO "master_settings" VALUES(13,'vehicle','2t_half_day_C','price','42000','number','2t車半日・Cエリア','test-user-001','2025-08-25 05:24:42','2025-08-25 05:24:42');
INSERT INTO "master_settings" VALUES(14,'vehicle','2t_half_day_D','price','50000','number','2t車半日・Dエリア','test-user-001','2025-08-25 05:24:42','2025-08-25 05:24:42');
INSERT INTO "master_settings" VALUES(15,'vehicle','2t_full_day_A','price','50000','number','2t車終日・Aエリア','test-user-001','2025-08-25 05:24:42','2025-08-25 05:24:42');
INSERT INTO "master_settings" VALUES(16,'vehicle','2t_full_day_B','price','55000','number','2t車終日・Bエリア','test-user-001','2025-08-25 05:24:42','2025-08-25 05:24:42');
INSERT INTO "master_settings" VALUES(17,'vehicle','2t_full_day_C','price','62000','number','2t車終日・Cエリア','test-user-001','2025-08-25 05:24:42','2025-08-25 05:24:42');
INSERT INTO "master_settings" VALUES(18,'vehicle','2t_full_day_D','price','75000','number','2t車終日・Dエリア','test-user-001','2025-08-25 05:24:42','2025-08-25 05:24:42');
INSERT INTO "master_settings" VALUES(19,'vehicle','4t_shared_A','price','35000','number','4t車共配・Aエリア','test-user-001','2025-08-25 05:24:42','2025-08-25 05:24:42');
INSERT INTO "master_settings" VALUES(20,'vehicle','4t_shared_B','price','38000','number','4t車共配・Bエリア','test-user-001','2025-08-25 05:24:42','2025-08-25 05:24:42');
INSERT INTO "master_settings" VALUES(21,'vehicle','4t_shared_C','price','42000','number','4t車共配・Cエリア','test-user-001','2025-08-25 05:24:42','2025-08-25 05:24:42');
INSERT INTO "master_settings" VALUES(22,'vehicle','4t_shared_D','price','52000','number','4t車共配・Dエリア','test-user-001','2025-08-25 05:24:42','2025-08-25 05:24:42');
INSERT INTO "master_settings" VALUES(23,'vehicle','4t_half_day_A','price','45000','number','4t車半日・Aエリア','test-user-001','2025-08-25 05:24:42','2025-08-25 05:24:42');
INSERT INTO "master_settings" VALUES(24,'vehicle','4t_half_day_B','price','48000','number','4t車半日・Bエリア','test-user-001','2025-08-25 05:24:42','2025-08-25 05:24:42');
INSERT INTO "master_settings" VALUES(25,'vehicle','4t_half_day_C','price','55000','number','4t車半日・Cエリア','test-user-001','2025-08-25 05:24:42','2025-08-25 05:24:42');
INSERT INTO "master_settings" VALUES(26,'vehicle','4t_half_day_D','price','65000','number','4t車半日・Dエリア','test-user-001','2025-08-25 05:24:42','2025-08-25 05:24:42');
INSERT INTO "master_settings" VALUES(27,'vehicle','4t_full_day_A','price','65000','number','4t車終日・Aエリア','test-user-001','2025-08-25 05:24:42','2025-08-25 05:24:42');
INSERT INTO "master_settings" VALUES(28,'vehicle','4t_full_day_B','price','70000','number','4t車終日・Bエリア','test-user-001','2025-08-25 05:24:42','2025-08-25 05:24:42');
INSERT INTO "master_settings" VALUES(29,'vehicle','4t_full_day_C','price','80000','number','4t車終日・Cエリア','test-user-001','2025-08-25 05:24:42','2025-08-25 05:24:42');
INSERT INTO "master_settings" VALUES(30,'vehicle','4t_full_day_D','price','95000','number','4t車終日・Dエリア','test-user-001','2025-08-25 05:24:42','2025-08-25 05:24:42');
INSERT INTO "master_settings" VALUES(43,'service','work_time','normal','1.0','number','通常時間帯','test-user-001','2025-08-25 05:24:42','2025-08-25 05:24:42');
INSERT INTO "master_settings" VALUES(49,'vehicle','pricing','vehicle_2t_full_day_A','25000','string','2t車終日エリアA料金','admin','2025-09-19 07:37:37','2025-09-19 07:37:37');
INSERT INTO "master_settings" VALUES(50,'vehicle','pricing','vehicle_2t_half_day_A','15000','string','2t車半日エリアA料金','admin','2025-09-19 07:37:37','2025-09-19 07:37:37');
INSERT INTO "master_settings" VALUES(51,'vehicle','pricing','vehicle_2t_shared_A','18000','string','2t車共配エリアA料金','admin','2025-09-19 07:37:37','2025-09-19 07:37:37');
INSERT INTO "master_settings" VALUES(52,'vehicle','pricing','vehicle_4t_full_day_A','35000','string','4t車終日エリアA料金','admin','2025-09-19 07:37:37','2025-09-19 07:37:37');
INSERT INTO "master_settings" VALUES(53,'vehicle','pricing','vehicle_4t_half_day_A','22000','string','4t車半日エリアA料金','admin','2025-09-19 07:37:37','2025-09-19 07:37:37');
INSERT INTO "master_settings" VALUES(54,'vehicle','pricing','vehicle_4t_shared_A','25000','string','4t車共配エリアA料金','admin','2025-09-19 07:37:37','2025-09-19 07:37:37');
INSERT INTO "master_settings" VALUES(55,'vehicle','pricing','vehicle_2t_full_day_B','30000','string','2t車終日エリアB料金','admin','2025-09-19 07:37:37','2025-09-19 07:37:37');
INSERT INTO "master_settings" VALUES(56,'vehicle','pricing','vehicle_2t_half_day_B','18000','string','2t車半日エリアB料金','admin','2025-09-19 07:37:37','2025-09-19 07:37:37');
INSERT INTO "master_settings" VALUES(57,'vehicle','pricing','vehicle_2t_shared_B','20000','string','2t車共配エリアB料金','admin','2025-09-19 07:37:37','2025-09-19 07:37:37');
INSERT INTO "master_settings" VALUES(58,'vehicle','pricing','vehicle_4t_full_day_B','40000','string','4t車終日エリアB料金','admin','2025-09-19 07:37:37','2025-09-19 07:37:37');
INSERT INTO "master_settings" VALUES(59,'vehicle','pricing','vehicle_4t_half_day_B','25000','string','4t車半日エリアB料金','admin','2025-09-19 07:37:37','2025-09-19 07:37:37');
INSERT INTO "master_settings" VALUES(60,'vehicle','pricing','vehicle_4t_shared_B','28000','string','4t車共配エリアB料金','admin','2025-09-19 07:37:37','2025-09-19 07:37:37');
INSERT INTO "master_settings" VALUES(85,'staff','pricing','supervisor','25000','number','スーパーバイザー日当','test-user-001','2025-10-03 09:45:15','2025-10-03 09:45:15');
INSERT INTO "master_settings" VALUES(86,'staff','pricing','leader','18000','number','リーダー以上日当','test-user-001','2025-10-03 09:45:16','2025-10-03 09:45:16');
INSERT INTO "master_settings" VALUES(87,'staff','pricing','m2_half_day','6000','number','M2スタッフ半日','test-user-001','2025-10-03 09:45:16','2025-10-03 09:45:16');
INSERT INTO "master_settings" VALUES(88,'staff','pricing','m2_full_day','10000','number','M2スタッフ終日','test-user-001','2025-10-03 09:45:16','2025-10-03 09:45:16');
INSERT INTO "master_settings" VALUES(89,'staff','pricing','temp_half_day','5500','number','派遣スタッフ半日','test-user-001','2025-10-03 09:45:16','2025-10-03 09:45:16');
INSERT INTO "master_settings" VALUES(90,'staff','pricing','temp_full_day','9500','number','派遣スタッフ終日','test-user-001','2025-10-03 09:45:17','2025-10-03 09:45:17');
INSERT INTO "master_settings" VALUES(92,'staff','daily_rate','leader','25000','number','リーダー以上日当','test-user-001','2025-10-05 22:32:55','2025-10-05 22:32:55');
INSERT INTO "master_settings" VALUES(93,'staff','daily_rate','m2_full_day','20000','number','M2スタッフ終日','test-user-001','2025-10-05 22:32:55','2025-10-05 22:32:55');
INSERT INTO "master_settings" VALUES(94,'staff','daily_rate','m2_half_day','10000','number','M2スタッフ半日','test-user-001','2025-10-05 22:32:55','2025-10-05 22:32:55');
INSERT INTO "master_settings" VALUES(95,'staff','daily_rate','supervisor','30000','number','スーパーバイザー日当','test-user-001','2025-10-05 22:32:55','2025-10-05 22:32:55');
INSERT INTO "master_settings" VALUES(96,'staff','daily_rate','temp_full_day','15000','number','派遣スタッフ終日','test-user-001','2025-10-05 22:32:56','2025-10-05 22:32:56');
INSERT INTO "master_settings" VALUES(97,'staff','daily_rate','temp_half_day','7500','number','派遣スタッフ半日','test-user-001','2025-10-05 22:32:56','2025-10-05 22:32:56');
INSERT INTO "master_settings" VALUES(98,'vehicle','pricing','vehicle_2t_shared_A','18000','string','vehicle_2t_shared_A車両料金','test-user-001','2025-10-05 22:33:58','2025-10-05 22:33:58');
INSERT INTO "master_settings" VALUES(99,'vehicle','pricing','vehicle_2t_half_day_A','15000','string','vehicle_2t_half_day_A車両料金','test-user-001','2025-10-05 22:33:58','2025-10-05 22:33:58');
INSERT INTO "master_settings" VALUES(100,'vehicle','pricing','vehicle_2t_full_day_A','25000','string','vehicle_2t_full_day_A車両料金','test-user-001','2025-10-05 22:33:59','2025-10-05 22:33:59');
INSERT INTO "master_settings" VALUES(101,'vehicle','pricing','vehicle_2t_shared_B','20000','string','vehicle_2t_shared_B車両料金','test-user-001','2025-10-05 22:33:59','2025-10-05 22:33:59');
INSERT INTO "master_settings" VALUES(102,'vehicle','pricing','vehicle_2t_half_day_B','18000','string','vehicle_2t_half_day_B車両料金','test-user-001','2025-10-05 22:33:59','2025-10-05 22:33:59');
INSERT INTO "master_settings" VALUES(103,'vehicle','pricing','vehicle_2t_full_day_B','30000','string','vehicle_2t_full_day_B車両料金','test-user-001','2025-10-05 22:33:59','2025-10-05 22:33:59');
INSERT INTO "master_settings" VALUES(104,'vehicle','pricing','vehicle_2t_shared_C','22500','string','vehicle_2t_shared_C車両料金','test-user-001','2025-10-05 22:34:00','2025-10-05 22:34:00');
INSERT INTO "master_settings" VALUES(105,'vehicle','pricing','vehicle_2t_half_day_C','30000','string','vehicle_2t_half_day_C車両料金','test-user-001','2025-10-05 22:34:00','2025-10-05 22:34:00');
INSERT INTO "master_settings" VALUES(106,'vehicle','pricing','vehicle_2t_full_day_C','45000','string','vehicle_2t_full_day_C車両料金','test-user-001','2025-10-05 22:34:00','2025-10-05 22:34:00');
INSERT INTO "master_settings" VALUES(107,'vehicle','pricing','vehicle_2t_shared_D','30000','string','vehicle_2t_shared_D車両料金','test-user-001','2025-10-05 22:34:00','2025-10-05 22:34:00');
INSERT INTO "master_settings" VALUES(108,'vehicle','pricing','vehicle_2t_half_day_D','40000','string','vehicle_2t_half_day_D車両料金','test-user-001','2025-10-05 22:34:00','2025-10-05 22:34:00');
INSERT INTO "master_settings" VALUES(109,'vehicle','pricing','vehicle_2t_full_day_D','60000','string','vehicle_2t_full_day_D車両料金','test-user-001','2025-10-05 22:34:01','2025-10-05 22:34:01');
INSERT INTO "master_settings" VALUES(110,'vehicle','pricing','vehicle_4t_shared_A','25000','string','vehicle_4t_shared_A車両料金','test-user-001','2025-10-05 22:34:01','2025-10-05 22:34:01');
INSERT INTO "master_settings" VALUES(111,'vehicle','pricing','vehicle_4t_half_day_A','30000','string','vehicle_4t_half_day_A車両料金','test-user-001','2025-10-05 22:34:01','2025-10-05 22:34:01');
INSERT INTO "master_settings" VALUES(112,'vehicle','pricing','vehicle_4t_full_day_A','50000','string','vehicle_4t_full_day_A車両料金','test-user-001','2025-10-05 22:34:01','2025-10-05 22:34:01');
INSERT INTO "master_settings" VALUES(113,'vehicle','pricing','vehicle_4t_shared_B','28000','string','vehicle_4t_shared_B車両料金','test-user-001','2025-10-05 22:34:01','2025-10-05 22:34:01');
INSERT INTO "master_settings" VALUES(114,'vehicle','pricing','vehicle_4t_half_day_B','25000','string','vehicle_4t_half_day_B車両料金','test-user-001','2025-10-05 22:34:01','2025-10-05 22:34:01');
INSERT INTO "master_settings" VALUES(115,'vehicle','pricing','vehicle_4t_full_day_B','40000','string','vehicle_4t_full_day_B車両料金','test-user-001','2025-10-05 22:34:02','2025-10-05 22:34:02');
INSERT INTO "master_settings" VALUES(116,'vehicle','pricing','vehicle_4t_shared_C','37500','string','vehicle_4t_shared_C車両料金','test-user-001','2025-10-05 22:34:02','2025-10-05 22:34:02');
INSERT INTO "master_settings" VALUES(117,'vehicle','pricing','vehicle_4t_half_day_C','45000','string','vehicle_4t_half_day_C車両料金','test-user-001','2025-10-05 22:34:02','2025-10-05 22:34:02');
INSERT INTO "master_settings" VALUES(118,'vehicle','pricing','vehicle_4t_full_day_C','67500','string','vehicle_4t_full_day_C車両料金','test-user-001','2025-10-05 22:34:02','2025-10-05 22:34:02');
INSERT INTO "master_settings" VALUES(119,'vehicle','pricing','vehicle_4t_shared_D','50000','string','vehicle_4t_shared_D車両料金','test-user-001','2025-10-05 22:34:02','2025-10-05 22:34:02');
INSERT INTO "master_settings" VALUES(120,'vehicle','pricing','vehicle_4t_half_day_D','60000','string','vehicle_4t_half_day_D車両料金','test-user-001','2025-10-05 22:34:03','2025-10-05 22:34:03');
INSERT INTO "master_settings" VALUES(121,'vehicle','pricing','vehicle_4t_full_day_D','90000','string','vehicle_4t_full_day_D車両料金','test-user-001','2025-10-05 22:34:03','2025-10-05 22:34:03');
INSERT INTO "master_settings" VALUES(122,'service','parking_officer','hourly_rate','3000','number','駐車対策員時間単価（円/時間）','test-user-001','2025-10-05 22:35:04','2025-10-05 22:35:04');
INSERT INTO "master_settings" VALUES(123,'service','transport_vehicle','base_rate_20km','15000','number','人員輸送車両基本料金（20km圏内）','test-user-001','2025-10-05 22:35:04','2025-10-05 22:35:04');
INSERT INTO "master_settings" VALUES(124,'service','transport_vehicle','rate_per_km','150','number','人員輸送車両距離単価（円/km）','test-user-001','2025-10-05 22:35:04','2025-10-05 22:35:04');
INSERT INTO "master_settings" VALUES(125,'service','fuel','rate_per_liter','160','number','燃料費（円/L）','test-user-001','2025-10-05 22:35:04','2025-10-05 22:35:04');
INSERT INTO "master_settings" VALUES(126,'service','waste_disposal','small','9000','number','引き取り廃棄・小','test-user-001','2025-10-05 22:35:05','2025-10-05 22:35:05');
INSERT INTO "master_settings" VALUES(127,'service','waste_disposal','medium','15000','number','引き取り廃棄・中','test-user-001','2025-10-05 22:35:05','2025-10-05 22:35:05');
INSERT INTO "master_settings" VALUES(128,'service','waste_disposal','large','25000','number','引き取り廃棄・大','test-user-001','2025-10-05 22:35:05','2025-10-05 22:35:05');
INSERT INTO "master_settings" VALUES(129,'service','protection_work','base_rate','5000','number','養生作業基本料金','test-user-001','2025-10-05 22:35:05','2025-10-05 22:35:05');
INSERT INTO "master_settings" VALUES(130,'service','protection_work','floor_rate','3000','number','養生作業フロア単価','test-user-001','2025-10-05 22:35:05','2025-10-05 22:35:05');
INSERT INTO "master_settings" VALUES(131,'service','material_collection','few','7000','number','残材回収・少','test-user-001','2025-10-05 22:35:06','2025-10-05 22:35:06');
INSERT INTO "master_settings" VALUES(132,'service','material_collection','medium','12000','number','残材回収・中','test-user-001','2025-10-05 22:35:06','2025-10-05 22:35:06');
INSERT INTO "master_settings" VALUES(133,'service','material_collection','many','20000','number','残材回収・多','test-user-001','2025-10-05 22:35:06','2025-10-05 22:35:06');
INSERT INTO "master_settings" VALUES(134,'service','construction','m2_staff_rate','0','number','施工M2スタッフ単価','test-user-001','2025-10-05 22:35:06','2025-10-05 22:35:06');
INSERT INTO "master_settings" VALUES(135,'service','work_time','early','1.2','number','早朝割増','test-user-001','2025-10-05 22:35:06','2025-10-05 22:35:06');
INSERT INTO "master_settings" VALUES(136,'service','work_time','night','1.5','number','夜間割増','test-user-001','2025-10-05 22:35:07','2025-10-05 22:35:07');
INSERT INTO "master_settings" VALUES(137,'service','work_time','midnight','2','number','深夜割増','test-user-001','2025-10-05 22:35:07','2025-10-05 22:35:07');
INSERT INTO "master_settings" VALUES(138,'system','tax','rate','0.1','number','消費税率','test-user-001','2025-10-05 22:35:07','2025-10-05 22:35:07');
INSERT INTO "master_settings" VALUES(139,'system','estimate','number_prefix','EST','string','見積番号プレフィックス','test-user-001','2025-10-05 22:35:07','2025-10-05 22:35:07');
CREATE TABLE area_settings (
  id INTEGER PRIMARY KEY AUTOINCREMENT,
  postal_code_prefix TEXT NOT NULL,      
  area_name TEXT NOT NULL,               
  area_rank TEXT NOT NULL,               
  user_id TEXT NOT NULL,
  created_at DATETIME DEFAULT CURRENT_TIMESTAMP,
  updated_at DATETIME DEFAULT CURRENT_TIMESTAMP,
  UNIQUE(postal_code_prefix, user_id)
);
INSERT INTO "area_settings" VALUES(1,'10','東京都（千代田区）','A','test-user-001','2025-08-25 05:24:42','2025-08-25 05:24:42');
INSERT INTO "area_settings" VALUES(2,'11','東京都（中央区・港区）','A','test-user-001','2025-08-25 05:24:42','2025-08-25 05:24:42');
INSERT INTO "area_settings" VALUES(3,'15','東京都（渋谷区・新宿区）','A','test-user-001','2025-08-25 05:24:42','2025-08-25 05:24:42');
INSERT INTO "area_settings" VALUES(4,'20','神奈川県（横浜市西区）','A','test-user-001','2025-08-25 05:24:42','2025-08-25 05:24:42');
INSERT INTO "area_settings" VALUES(5,'21','神奈川県（横浜市中区）','B','test-user-001','2025-08-25 05:24:42','2025-08-25 05:24:42');
INSERT INTO "area_settings" VALUES(6,'27','大阪府（大阪市都島区）','B','test-user-001','2025-08-25 05:24:42','2025-08-25 05:24:42');
INSERT INTO "area_settings" VALUES(7,'53','愛知県（名古屋市中村区）','B','test-user-001','2025-08-25 05:24:42','2025-08-25 05:24:42');
INSERT INTO "area_settings" VALUES(8,'81','福岡県（北九州市門司区）','C','test-user-001','2025-08-25 05:24:42','2025-08-25 05:24:42');
INSERT INTO "area_settings" VALUES(9,'01','北海道（札幌市中央区）','D','test-user-001','2025-08-25 05:24:42','2025-08-25 05:24:42');
INSERT INTO "area_settings" VALUES(10,'98','沖縄県（那覇市）','D','test-user-001','2025-08-25 05:24:42','2025-08-25 05:24:42');
CREATE TABLE backup_metadata (
  id INTEGER PRIMARY KEY AUTOINCREMENT,
  backup_name TEXT NOT NULL,
  backup_type TEXT NOT NULL DEFAULT 'manual', 
  file_name TEXT NOT NULL,
  file_size INTEGER DEFAULT 0,
  record_count INTEGER DEFAULT 0,
  status TEXT DEFAULT 'pending', 
  created_at DATETIME DEFAULT CURRENT_TIMESTAMP,
  expires_at DATETIME,
  created_by TEXT DEFAULT 'system',
  notes TEXT
, generation_number INTEGER DEFAULT 1, storage_type TEXT DEFAULT 'database', storage_path TEXT, backup_data TEXT, is_auto_backup INTEGER DEFAULT 0, compression_type TEXT DEFAULT 'none', checksum TEXT);
INSERT INTO "backup_metadata" VALUES(1,'初期データバックアップ','manual','initial_backup_2024-08-22.json',15420,25,'completed','2024-08-22T10:00:00.000Z','2024-09-22T10:00:00.000Z','system',NULL,1,'database',NULL,NULL,0,'none',NULL);
INSERT INTO "backup_metadata" VALUES(2,'週次自動バックアップ','scheduled','weekly_backup_2024-08-22.json',28540,45,'completed','2024-08-22T02:00:00.000Z','2024-09-22T02:00:00.000Z','system',NULL,1,'database',NULL,NULL,0,'none',NULL);
INSERT INTO "backup_metadata" VALUES(3,'Manual Backup','manual','backup_2025-09-19T06-31-54-012Z.json',10322,29,'completed','2025-09-19T06:31:54.012Z','2025-10-19T06:31:54.691Z','system',NULL,1,'database',NULL,NULL,0,'none',NULL);
INSERT INTO "backup_metadata" VALUES(4,'Level2 Test','manual','Level2 Test_gen2_2025-09-20T02-32-19-699Z.json',32582,8,'completed','2025-09-20T02:32:19.699Z','2025-10-20T02:32:19.783Z','system',NULL,2,'database','database://Level2 Test_gen2_2025-09-20T02-32-19-699Z.json','{"metadata":{"backup_name":"Level2 Test","backup_type":"manual","generation_number":2,"created_at":"2025-09-20T02:32:19.699Z","version":"2.0","tables":["system_settings"],"storage_type":"database","compression_enabled":true},"data":{"system_settings":[{"setting_key":"company_name","setting_value":"株式会社オフィス エムツー","description":"会社名","created_at":"2025-09-19 06:49:06","updated_at":"2025-09-20 01:40:43"},{"setting_key":"contact_person","setting_value":"前川","description":"担当者名","created_at":"2025-09-19 06:49:06","updated_at":"2025-09-20 01:40:43"},{"setting_key":"company_address","setting_value":"〒550-0014 大阪市西区北堀江3-6-8西青山ビル203","description":"会社住所","created_at":"2025-09-19 06:49:06","updated_at":"2025-09-20 01:40:43"},{"setting_key":"company_phone","setting_value":"06-6616-9171","description":"会社電話番号","created_at":"2025-09-19 06:49:06","updated_at":"2025-09-20 01:40:43"},{"setting_key":"company_email","setting_value":"production-test@example.com","description":"会社メールアドレス","created_at":"2025-09-19 06:49:06","updated_at":"2025-09-20 01:40:43"},{"setting_key":"tax_rate","setting_value":"10","description":"消費税率（%）","created_at":"2025-09-19 06:49:06","updated_at":"2025-09-19 06:49:06"},{"setting_key":"quote_valid_days","setting_value":"30","description":"見積書有効期限（日数）","created_at":"2025-09-19 06:49:06","updated_at":"2025-09-19 06:49:06"},{"setting_key":"company_logo","setting_value":"data:image/png;base64,iVBORw0KGgoAAAANSUhEUgAAAN8AAAB0CAIAAACKQHBWAAAACXBIWXMAAA7EAAAOxAGVKw4bAAAgAElEQVR4Ae29+ZeVVdbnee9z5xvzTAARzFOAqKgooqCgCGmaafKamfVm1Xrf6u61aq3uVWv1z/2P9A/VVdVdWZnva2Y6K4gioMgg8zzPBEHM83Tn25/vPjcCxCEV9SZvrngInvsMZ9hn7+/ZZ599hsefz+d9U8cUBx5IDngPJFVTRE1xQByYQucUDh5cDkyh88GVzRRlU+icwsCDy4EpdD64spmibAqdUxh4cDkwhc4HVzZTlE2hcwoDDy4HptD54MpmirIpdE5h4MHlwBQ6H1zZTFE2hc4pDDy4HAgWkbS0L+/3+QLMOmHqid/z8r6cz+f3+/w+rnjDQ93Yvc+Xy+X8fi+dzoyNjcWjkVAoQhRC6s/VKT/Rc3mlEChiKb42K1cm6Pc7Av0+D+pyHgXO+3PpbHJssC9Z0VDhC0b8FF10qzQc+XyOP0/cIDCl5/DDDrGKX97ruad0Ju7FBn82n82nU8MjIz293X1Dw7cG+voT46OZbCqZ8sNezx8oKSmvrW1onNZUWVEfi5aHwnFfyMt6OfLjbYGFkMuRFyd90CXSfLmspFGgzyhyoRxxFqFIp2Kis4AhRAifBUk7KLOuCtDkMczJBgIBuEOooaGhU6dO9nZ2PLtmbUNDoyRGdI4C1wqxLaVin1THHDGWs0HTkcUbB7Usb65fv3ry6GFfLr5mw5ryyoii5Kl4/kwmSxGtlA4qQiKHkhB/xBYrrXsAStO5XHZ0dPj6jWu322+13mhrb7vZ3d0+2D+ay40kxlPZTEZAywW9gDKBh5FIpKSktLy8sramvra2vnH6jFkL5s6ZPScWK/V7iF51SUFVqQLkBwFiuuqC/vHKdIQVSlRNXIjMYhxFRGdeMlCZTVFyKRGg+4xBlFu3OuCJ5+RE4HQ61dXZ+cGbbwY9b/Uzz9Y1TPN5AWo/CYmtd2JZ1L/FCSA6ojlLB+kwyvQ829Pbe+jggV0ff9TS8gRqTYV2AdCHHiVAz+lerYaK797aE510j2YFJKPDA50dbTeuX71y5eKFixe6urt6uvoG+vtHR0bTSb8XyGZpmaT+SDJANKKQtv68fDAULEGRlpVVV9c0NTUvXLRo/oKFTc2za+umlZSVA0j7E/sBaTaHIld8levL1c8oKuqpeOg0KcBvCp2lgqeTyWwWWXmhQCgYiXowRoIy8QidCo7I4BQK48yJ4yWxaGlp/Oln18TFUAsJ52mJJiIVlW2WmcOgyxd6XW0RPfrPX2Z8fPjY0cO7du44c/r0wgWPujJNhBcIeFKIWECtK7/FVvFz2WxqbHSou6v90sXz58+dO33y1IUL53t6uzJSk0HTvHAgks/RLlGpA5amTAUZA6DOl0ehJhKjw0MjnR2dnv/KyaNHDtbXL1qyZMnSZYuXLJ2/qKW+cUY4HDdVShowHlPDiiIVn5fJ4ei20jrii3YuHjphfC6fzWaSaRg+PNzV0Z1KpoOBUEV5eW1dXSQa9YIhz6PeO5mJLwWG5PPhoLdvz+7q2ur6adNaHl4eCISdzpWuon4H7qicojHOMhISIVjmIT+qSwIWFiG1LxDIXr18ccuW9z7f81lJKCKbTprN8CcVJetlQu5qSbMOFNKWCqNUs4mhoe5LF8589OHWPZ/v7WjrToxnyCQQDIf8YXhFYrl8LpPPYtnyPBj0YxCl0uOQYkgVZHO5QMDDnCBr2av5bLqzo7v11u3PP98za86ctc+/sOlnv6DBLymtCIVD0B6QwWzlghCIECWQV6hGVurinYqITh/GeO7Gzatf7N9zYN/+q1dupDOSUGVF5YIF89Y998KjKx4vq6qCD8Jo4VAtpk0nWCqV/Hz3Z6FIpLS8bNbceQEvmEX3gsyCfT8Ro3i/UjOI0QlQJorpP8xmNBA6fXhw4I03/nz86NHE6Hi8PJxOywadOPzBgJXRIgMGYqsyCgYCAle5XLK19epnn3784dYPzp89OzaSzOeCQS/q+YLZdArwEUP60aPxyWcyWLGZdCaBsgsESYSujyoJKWWzqEBBU3CXbkQFAPBAJpO/cb31zT+9cfjAkZdf/sVza55vmjObjhyUeYWeq3BZKKDovutyohg/9W/x0JnLp08cP7z946379+7pbu9KjIMtD216u+3Wjdar58+cf+3Xv1n97HONM5sosykS6Q9xOp9Lo2mCwf6B/i/27Y1Go//8v/yv9Q3TgqGoKvffgGlOKMjOL+WN4HlgWhNVRXuay6Tb29vef+etPbs/7+nuJpj0nLUJE9QK1naIfqUhS0/QpMfswZX8+MGD+7d/tO3ggYO3bramU17Qi8mQkSUDArPqWwPgPATwTC25KWYIwRoAhNRZclTT7vdnMSxJUwRwlQ+iGrFNyQ2tOzI0IugPDV+7dPG559c9tXp1IB7P5TNqj1QSlUulE91/g6N46BwbGQaXe3d/fu3K1aA/tLRlxfTpzUMjA5evn2+9da2vo6+8rLyqmp5lQygaNXFNMAVGYv3A4Ey2vf3255/umtbQ8NLGTY0zm/2B0N+AZxNZmuxlqQkDkiHCRPSZtts3sDXff/ddTD00Ke4b4YEw6DL7kwHAIYlbSy+zQNVQ0f25oeH+06cPvfvW24cOHOnq6EGd0TTjnAKzim19HVIQ2tU9BLLgVq28JUeSQV0TTmfT5wZa4oI1a5cU0uLKdM2k03gVhoYHurs7hwcHV69ZU1ZZ7YU8qLEk0euWliIV+ygeOjtut586cbL1Rqs/H6itady04ZfLlj/cO9C9a8/2vq29ib7hE8ePL25Z1rLs4cammZOsMJ6aPkFHef5sOn27tfW9t96qqqh6ek0EHwmtVLF5dic/I1MkAgKu+c329/ccPnLggw/evXTxcjCGFRfCCuVNNoO4BWXDsUBj5qXSsifcot6yg0N9p0+deOsvb1CRhwdHAj5MgJBclEKa6oHyIQLVFZuTDGmAAJLecct/n1k6Qi0eY4V3B+98mBa08Ri7PHbQps0P0KPP5TIdXR2Dewf6u3qxEFauWl3XOMMfoo8FVUpbtoqjciK94vwWD52XL13s6ugaH0tWllUvmL9k3boNjTMakrlsPpQ/duJQ+9jVocHBSxcvXblyuXHmTDgtnaBDwsjg5oBXXNObyGTOnj795ht/CUdjz7/4Qqy0bMI7XxyO3Z2LZOwadsxNLlKJxMmTx3ds//jY0aP4GFL5FP1AxAt6E4kkhVF7qwSsVJPydiDz+5Op5OlTJ//ylz/v2r47k0piW6MAM5kkjSwookUnGnGzdIHU4uL8IX+xRH10PCFmbtJeoyFBoVxLqgX8kTPVB1kTIpHLgeCgszTS6TR9f57T0Upl0seOHunu7U0k02vXv1g/fQa5CJmyXEhBNoTyL+JRvPwuXjiVGBsN5L1YODa9cVp5ddwXyYdjudqaspmNjYGQn1qM46OnqxtGB/00ZUiAfigdoVAEceJDoQJ7Qez2cKzk1KkzH2/bevzgAR/tPQKDf3CN/+gL2F+4MGn+AG5ax+tLiai2CEzIGYWi5pW6g86TQZhNX750fst77x/Yeyjoi2IU0gMGPxlgg2s8hK6zcTLRQw9FIhekfGnsPKnerP/00RNb335798cf58aTIRroHEak6qc6WRxCYhoXkWBKlhlQEwiHwvlsiA4QLVLQHwkHIuFQlOdSd4QnfUaVwCTWqLDMo3wwGMEsRf36wWQwSGeLWgP28v5QJha53nb1D7//77s+fDc52C2TVbRSjWSGiobiHsXTnbGSqkAgimcOKCHXoMqNAHMhOqLRSAaeA8eAGjKr7mID0oOnqXSaig6H4K0Qq/4snE6dOn2qoqqivKpy0fJHURbIg4gcxOKK/4WLH8BQ6SBT4UrPVJ1LuZCHMOXcgTn60V2dHW++8daxo8fHxhIWWJYb0LL8Fc/ImqCKklMacUAWC8i7cePqzh3bDx06mBhPBPwxWliXu5KyskOIQtqRzQBT+BgQyFF+3GRJS70vtDjODHImulIQDag94CWAyQgAs5jDNE4+L4umzQeEQSMV0AeDAYz77ds/jpaUvPrr/0jLJhwrl0LWClqso3jobJg+ywtFZfbnssNDDHL0R0pRLamREfriPaq++XwsVlJWVm6McEKFDRIJ3XZJCKWIKIKhLK6oYKC7p3v//n3hSOQ3sdLm5uZIlF6tuI8UHCYk1R92KClJ886hm8kH1tghvHQ60X77xtatW/bt39/R3g2xkEcNIqxoMNmSzj3UmDbSMxiSTIzs2bPrwMH97bfbnasynSa6ymIIdjVTT0gt5AXSKFFLNiNHlRcMRELBMKygnWEkn/Y6nUplQCne/FQKSnAhAV21LEBVClQGKGBFo4ZCgUwe0wmsg0KSCqIOzl+8ULJr15yFj7QsbyHZiSp1hw/FuSoeOptnzymtqAiGA7iLW1uvHD+2f/7iBePp8TNnjre2Xkd1BoKRmtp6XEXIVD1TAwEioMWCrVIfYhJqQA0dnEQCra03t3/8UU1Fzc9e+cXM5mZ/OGiR1IASpACje0BxX3wVSoDGl5BKJlCko6e7Cyfum2/+uau9H1TQbCo8761+OLpN8U/mbXYgxTTEJhLjly+d27Fj29Wrl0FGMBBW0jpUzaiT4Ejo4Vqsodn21JKLpADQqa6unTZtRlVVTWlpWbwkGisJA0emzoyNjg7ize/uZih4dGwMZUyKAN7oUlNgeIWTav/1QkyDar0ZGhk9c/bs1i3v102rbZg2PRjChNWbyQIU56J46Gya07Rg0by265d6O9rOXxz4/e//6yOPrxgaHT1+8kR7R0c2HcbBtGDhoqbmWZQchcR/VXPEQhtnDhO4BosApazPXJY2CIZ3dNz+87/8S0N9fSwerZnWgKcP68wML9hdgMgPYSWZuugGFzWXX0qNaRkjgyeOHXn7rbcuXbgYC5fR4UD8GCoWjkv9ATHaUJeQqzQ8EZFSr76Bvl5wcOLEkdHRkYAXoo2mdNJy4oN+iE9bbA015i0WJ28ATKisvLx51pynn1694rHHZzQ1lZdXRCJo0FCYLk6KRmmkq6vrwoWL+/btO3v2THt7O2N0OJhxI1grpEaJ0SVCYp44/6gxWPYTyO3p7fto25ZHVixftTpWVV0tQosNTvXXinSUlJW+8stXMuMj27d8MNjfe+ToyRNnL8KHZJruqa+yomLzP7y2Zu1zpWUlEESTJBsK9oUC0UgEwTBchP0jDtENkezobag7jKGKwfen1/8lGA2/sHEjg/FCtrSaKa4fo3DkRTKcHTQBFndWVdDi2f37P3v3nbfOn70QDceCdH3ovMuNGMplElJ0UkbSgNQ06tYEtOWRIE2gnk1nUG6f7doBYjBacvR1aNppiKXaFEbIpgHOqqRgCGimUv7KyupHH1vx7Jo1T6xc2TyriQh0cHBrEMk1Gzg0qiLRisrq2XPnPb9u/ZUrV/bu3btr145TJw+HcCH5qCoa51QuctpjAzNOlMdHwHiygcIj0+6edoa7ZsxEMVdiPvwYvPx+aRQvy6AvNH/e4s3/8I/N02cf2L+vs7trYHiEcTgmzsxqmvXEUyueWLl6+kz8l9KYCKaACeQiD4o8b8iIMz0nGKd6T5OPbpFRlb106eKWD94LRyMvvfyyCR65KoEfiFClIIQoNQdNdA8JI1Q99eds9Gvb8WPHUuMYbzgaqDeCoowP8heqDZ+QaW/sfvKZGtMbNy7v2vFJa2srBclTUFzvGqVUVKUDNnme94XoiWu2K+17gEmbr7zyytq1z85fuKCyqoJSqwJIJ5OJeAWqVTfpCgFbqncsumjJ4pq6upalS/Z+/unOT3Z1dd3SMLJyY2RJDmOhVNCmoeIJsUG6FMJpvNBHjzRMmzZtetMk8UW7KB46kURZSfmSJctqqmqZGtPT2zM8MhoMhvGrN9TVzV04s7yiNhwOG5fFa8OERIt40Aeq3UgeOeBQUfOqW+SALH2BbCIxdvLE8bKKisYZ05ctf8QLMKHhRzhExV2HtCZI0dN8Mpno7GylRca1OTgwpMrC1D4kq64wFSwjNSl8Kb4Dma7uHECDIc/xK1fOHziwl86N+clJGoNSZVOpKaYAKvUmr34mGw7Hmptnr3vx5fXr182fPy9eFlf6FolfVSUO+1VE3nBjBMTisabmmTU1VUzzxPG0c9dHt27dot4rcCG+KhMaQF5SPbVBfL9veGDwyOFDCxcv+XtHJ2Dy+2OxWPPs2c1zZ6eopNksrVXYpi34vBReJskOqYnRCqyG0Q5+TdCyO/Hf0SM2nYIxj9Rw/mlYuL+/7/Chg5WVVaXx8pnNs2jaCCsVUkjjfn6c6CZiigpJ35dPpVPYux9v/2DHzh0dt5mZhiOH5tyz8SCwJHRaR85FldgN2Q4LSpX/QK+/v/vq1fNXr12mHXCz4KR65RASOgU1cKlxCOZvEiPQNHPWiy9ueO13v6mrrw3RBHOAJFGkuiDSKK/Sti6TZW5oJXdRXlJasrRlecAfzuZSTKm51Xork0spFhGIpMqPN5kcxWZLmjrjP3/2DE3To489EY2TS9RSLdKpmLoTFUhHOzmWGEvn0vBcrExmx2iM8r5kJh2PV0ajpQEsdeOXMcAxGm6hkAJYo+bxlOCQGJBAn8pCJYJE4mtvu731/fcjoeiv/90/Ns2ejdEqNt9J7XvzVDLTITIkfaXFrJ9UX2/P0aOHfv/7/9bdMeDLQpmHk5xwnsfUPhpi+edlZErFS85O+rrhH8RaklSq6zeuXLp8YXh4GFVLGWVuMqrIwgmNUuoA6KY4vUQ6XVfX8PTTz/7iF68yxgYh9JREkg3nmIEqEkWwsUJ53n2oXpOzuLtk2ZLfRf49bvy33367u2eUvMjFagFRPXLHdiFZodyed3Z1Xr18+Xbb7bkL5t+dZBGui4dO0AT/jhz5YtfOD3sZEArgcw5ncslsnvmIwbGh4FOr1qxZu27egkVYQ8hPwsF9Kd0R9vsifl/C+pXokASqIu9PCbL8ybesoQwNe+Tzw0O9b77xRl19zQsbNs1onkOjSCJOhOSu0EQiDfFdd99+mBZE69CHgBhOdBv8yZGxo1/s/MP/+3/33BrymDyEmWjWKEn5hUvS1iQ0uQ40VOTRocFilLT9aVpzy1W2CuGv37x5o7Ujmw1j/zEGJI0rKoEpo9xhoqDkMll8THHPi6xbv2kjjrO5s2QfGjAd8ZPlIGVVH0vZvZo83ymqjYY2zZv93IYXugb6Xv+XP8ZjJKDxUICdxWNA/jKl0Bk6cr5gcnT89o3WtuvX5y6Y+7WJT+byo18UD50UPpORh/LwoSPtrR3qnqY9+utZ+o9+b2wkUVJS2bL0oXnzFyIgAovVYraUCkJWl4hH+ofUEI/8f1zIBFWjKsWg9jCfGRoc+uCD9yLR+AsbYrX1ddbTJ6QJyKUryBr4LQ9l9Q0HdqabhmZyJydU5PjevTu2bNly9fItKKIakZAUndFGJvpT1YI0hlnUNRYscR5hhDib1PIi2NjYSHtbW3dnFz2RMFBUSZSfhhkZA9JQrjXunsf4+2OPrXzm2WcWLFgQDP2QaVnSoORPIjjvnn9+3amTJ69fu0Ix1ZMS9xzPbfjDeeaoe/l82+22y5cvP/PCC46L38CtH/9xMdHJ+AQAzTCYPjAwEokEpjfOw4cciuDg4EjOnj23tIQpHQhcLIQRUiPqxCJg5K2uJLCUEjJwGR4UE01Ie2qIU0RshqtXLu/c8TELvl7a9BKD8pM2nAst+NhRgGzh7mt+TBiEVq+Wnorflz52fO+OnR+ePHEqmaAfDfeoPCJXmASFCFlkQw5loj+sTjiv8dZwrecikKCidmSgv7ujc2RwkOJhGxjE7W2hgDwouCYC/sDqZ55evGRRmdxt4s3X0PodH0GtSPSXl5cvaWlZv379H/9n2/jYCEmSriqaiqqTu7Ma4vX19t68cWN8bDxeErNXRToVD51iCYaVfHaIQw32yieefHTFYxVV5cyTCEd8VVXV03FbWLNVKL0EQSRNqEHE8FWsRXhqmgVVk5J4Kc1qg53mJNXQ4vFjR6OR+Kzm6S3LV5AXKkmxabVkEHxX+cr+08RykZNMjXV2XN269Z1Dhw709Q2y4FGmijrxJCt4KlUdEi4PuTKvAsXWE7lojX4F438ui5uzt7ubaU0hPDcEAr6agoASletRetQAEwqFK6vqHnv8sdr6GkKR2HelXhR95RCBxgi/v66udu3atR9v+/B2W4IxD16o9mh4FmeIZMQ1q+mocWPjY11dnQN9ffESJi4V7ygiOrGt0JwZCsxJ5tSsOY2PrlhSXVuF2OhPxEpKmadE0ZGBmmsJVay0ug7fzA1nukpSF8DhtJo/YsNSpE87C1vTqTTdoZHhwaNHDrxeGvnPddPqpzWqE2YYknoQlohrgPo2VoMDlo0rJOjq72t/9/0/79ixo/N2r+czoxAfD4jSIXIVagI53AQDUfmXaN+9jM8fYXY/66MIQBBNUM+OX795HbcaHKGrgkdJmlUFFigph0bqSV/j4OEFCxbNnj0rGqXLReAfMp/V+ClaVex4LI6psGDhgsGBvuGhQWckWY2Ct3KGMj6VyTEw6+FfGR4e6uvunt70d4pO1IxaXdzDtIjBYCIxsv2TbWfOnQxFcBeXNDUt3Kjp7jPFNuHI6Un4iDkmHw0RJTVjK1JEkuARWTJCqKU1LJ/za3gzkRyLhaNMsQ2xFn6w//PPduIH+A//9M+z587zgnKmKh3hQyCxrL4Vo6ZECNbV3vrpru1//B9/GB4alykpHcysOfleJg4hXlWFXwGNMaDRND05CJEXlPDjPr9Gj8iP3g6m8o3WG/2DQ2mRYh0n2S8aHrM2wHnX5MMPh2KLF7WUlMRD4aArvpF9/yd5OaxmwwqWwSxduvT8uTOaiMMqPDOjaN3EII2dMqtR5WLNEuvoB/t77j/X+4pZTN0p0xvZgCsmPoZDJefOXjl/4RqCC0diDy3vf+KJp6ZNn6E+TwGCJgu4hIhyCFHDJA6etPZMhzQYgLCczQanGVVAPXSBeJHLDQwMsDqnuqp6089fmbdoEdXDxpmkmnVIi34LOnmFPZAe6Os4ePDzLe9vGRtKB70QfWsOssmmNK9iQnGCSbQnulFFNASHmb6Clx696/kiPh+KE2677OjIp2+1tbKVh1VDgoWY1iKbWuXHd8agjeYN4hOIxUvnzVuocQo3/OR6MI7++zpP6EgZJSiKRQsXVldXtbe1kpiaFeOK7GYmfrKAA0plaOTSmSTD9PeV4f1HKh46ZStCp3qmWiwWjEQqymuqaqqj8SgymD59ZjSG/5xjsn00wUvAkrcUk5M9QnNPHCf1EI1l/SKA7zGYyNimur5kxOzQvu6e7R99VF5RUVpW3jBjBpEMvmqHlexfOfJjo/1ffPH5xx9tvXj+kufHt0UUNk1woFR0aNGdchaB7r+AykiMhiQlZtzzGHW8ctjEuBkZHu7t7mH/BbUMslHxxpMs/FFUMM1MLhoEWprSkgrMcYbglY3ym6haf4Xyr3ktVuE70Cgxb2EpefnrG+rLSktpzdCpPFMQTQmwauRudEdpsmOj1KWiHsVDp0oq9iMgmjkpthUcjz+OsQ83Kqsr6+rrnKTFNZggnvCD2E2hIF5Vbbk69VTJSarc0AZZtTexGeqUDYmYRcCahEsXL+z45JOyqur1L24oqXDzR78DlwFWLnHu7OlPtm8/dPBgIpEAndBgAzPkIDySpXrnJlXRIprtlQqYxtawIuDFxHqFSLkzIZiuxtjwCPtNhLxQLMIITMDLlWDhimolQvvKplEZeT1DJdVVtXW1DeBU4BQvvgPl3xzE+GbMAeXgkMGfaBRbi8pMreatTCYxVmGsjaCNwuZQDy85lvrmhH+SN8VDJ1486RHVTDiQTaYyDz+ybOOm9TWN9ZI3f/Dd/pyEdW+SMO8MzxTXUCjxixm8l/WuxTfcm1ZTIKlPVsehurRgQmiA0YePHPKFgnUN9StXrQqFFNbJupCUy+lLHEZbpAcG2t5///0jh46PDI+xmDyXSeV8IXV48P9QxQCm+u0qkoAjIgq0kaMcYYy8010TIlHkhJTpLNLzjBcGpjdMHx9OZpKMdQWDvvK8fxgQkJCGaqgGvnEKG4mU0W2prqlBt6FklQE5GVu+ROx3uzGqpBo4lIgxUMVQOy4mmtmDt0tDBhAtJaqZYQHm9FFKe/zdcvqRQhUPnTSI4n4WfcSsDeplYGyUlo3aGxQyYY6UEIfYh4pAjtRe/jRlByFjtHsIDj4G/d64Lx8iilZc0+HFu8wgTZ79CNg4i0khzMAI+jMMY/I2zSiNakM6ef7U0T//4b/Mb26qn16POcfAuImJZT2IytAjeSEjZYpdOzDY/sd//S979nzGLm84E3K+cNKfYJQy4E+DFC8byfuGPV9ViB4tI7I5FvcM+70EXnSMEc3uxHrU/HbGNH1pXyCVS2tFJFl6OeYW1NQ3/uf/8/9iijAtJmwhiqsnRhKYp4dHXMocjONjrIhojw54A6nGo/s9kTzZqXcFVdxQx0QsnbtsGkuXyq61UNL5csBSIXEvWFGwi0OhWPh+873PeMVDZ17dApya02bNXch84tKSEnaewezWsiy4ZKtbqMxAEmiaDHjMHZxk7Vs4GEiz8s1qcJAoYNq14UREabFiy6feJVPAfOkkOhMZMFOSljdKa8pUE5Tz6GjixLGT/+3/+e+bf/OruQtawlGtxCWO7AY5qqQEZQxIO+XaWm/u3PHRRx982tPOILjrxWbluCIbBieJSJc2EGbDQS3NsRlKHrPosnFkr0S0HNxSl05V70YZ2RlBcQ9A2bGMfhwQscJyIuOJaylR7qThMB9MDUvACqTfH3LINihQZu4rLfNIa3UHeUI2mlJMVu5wA3uTsBRACzziMcZKinoUE53i9cIli1/77a/pEMRi0ZZlS8oqVGCJRwPQgpmwYeg0MUikiiZ+ylltXIO/aFCpFvvLoPfAo9padeLgSXAAACAASURBVLGFNZSousCaBE4KGQEEZGUzff2927dvi5WFN3nBhUuWaTybfjTJEEuJCBRE7u3qPLBv7wfvvHPz2nVfNq7cJTzaaS7R5ChjqgeZkSc5yIRAWzMrP+UL5QJMPeal1LbKIRNOxTNx64qDFDir06NxTnvPQ4WAgsKtgn3lCfHuvCbE9z6Ib3wVDSSF9ZLpaG8fGh7G6KSAamyc586aL8sNhBLSY6knu2F87wx/WITiodOxZfacplmzmiRs2g7nIHLsQh0i8gLrHCKdrCQOs+xQWIBS1yZqM5WEWlCZLisPZ7L+saSXZsl4OMM6cqFXatBg7ewq6Yxce+ftbds+LC2vKq+smtHULEUo7EhWBoz82PDQ0cOHWJPOGLTPlw4FNcSPkpN7SJUCBWtIY3cSJZ8tjwPNQGIcA03rF7Xmh3zoS5Co4YtQUMMjfgsFnIDI3Vj8qhzvfktKd99+NfB3e2IEGEftxGq78XNnz/T39UGfNDRcMzaTF4eJyaZaebhYYuUVf7/olHLCAsuwjkX7oKqB4RBu1HjlfGmm+0QiURpxhqTpotprydcEwy5qaVa/EFo9DDCSYzIEyFN/BN9hU6MXDUQ6e4KtPczzyWhdMiGlDMkmhDMZROFJYUQqGg5euXTjow8/qSive3XztFAkap1XAQjzC/164eL5rR9u2b9/P7rE80roF6BQyIkQSM8fGNOdxIhdGY3kkwtnsoY8dvFaaGA4xHoNP/4mXDM5rgwApEsB5LJ1it+hyOiaABTvJ5+6i8knk89Vjh/jgIHqgSo1lmIne3u7jh8/NjAwKL5i0QdoE2xzB1og+gjspMdj5nJ74ZKSaGX13y86GSmhRb544fi+fbvZuCcawYVns4rUpjBqV8aWpyuffJIZdMCoIAgTGyNpDLRkc2P5PBtXcGBgJoGI/mhAFTs4ozq4oiXa1et7Y+tId6rMH2CWHRPXtNzbnxtRZwStJiNKg07sFnrh4on33veXVURe3PQrjc9ImeXZQLu3p/tPf3n9wMGDw6OjgFmWGJmjJJlupFWjTKpK4k71eREvH8mMeCuWp9c+7htJpG+1ZzoH6YBFglk6b2aCgACzMoQEMpDyk4ZWjRHUv6QL7wHfPbcFbtjPPRHvfvVdrlVUGKHx2dxAf+/evZ9fvHA+MY5vFYMEKLIcFOr4D4YJp0aMdXIx+gh1M2rq/o7RmY+i82639n6x59iFC6eZ9IY1TpOJmPhjA0r23m5qnjN33kIMPMdosVENLnCNsA0MStZaYDrj8JD+I3dqLtO5EXrozXWpBc2+zq7A9gOJJI2/LEL2UmNoGocNgdWABzQ7GIgHWA5+6cKVt/7yVv20piUtS1AMmVy6q+v2n15/fd/+vb39fQzhoaRz+Xgum0LzoSrVW2DaXy7oz4b8GfbTSDc1B15eF108N33iPK2B+nNUFbYaBuqyXIRukSgrWTqeM3ecKJIrX+H8VSyqgHZ89dVXn3wprb92Y+BW/nTmOjtuM0OehaBEUi2WMFL4/0GmmAWh5gNl4WtpeaxxZkOkpKgT46GqeHan8ds/Ojre093X1zUA5tjMvKquNhIttfk76caG6SXsZ66GG/miWhQDbmrumZpyQqm1FGTl8TFVZIrIpO2VRL15swIb1wSGxobPXIoOjOP7ZuNVJuEL3WZ5YkfRRGvHG3rPYyODp08ef/vP/+p/bfOSlkWDQ/27dn6yfdtW1CdZCpryvqQD+TTaU+BmUnyeAckSDIyIPzW9Kvny82VPPpKPh71z0vZonjB1ATLN70B3x2lH9Z8Ml8YATpBuJoc9t3cTWHRPfiD+JpP9hgvVDJgKNE8cP3bqxHE2RrWWBdrhD00LAaTpEQL1C3MZO6a2flrz7DmYXt+Q5k/1uHjo1FRH2GLdZyQHF1Y8tuKRFSuraxsYyWXToMbGac0zm016pmTEJXESjWs6EjXpuk0ZXchvRwDwCixCzMhgFl5FSeDxJYnxNLv+eWeueYPjjA/SSxK35XZEJhr4IK4zanMjwwOfbPugojQ8OtjV3dv9/ttv3bh6Gds0xNa1YJgjlMKzH8Tg1Lh+jmVD+XwEV2pDVXblw96mNd70+vTQiJY+gM8QeydRH9BKWAQCp9ApwesweX8ZhVY299JKqcuCXlXRCodheuLGfu+8+9Lj73QDRZCUSyaTbPS9Z8/uzo522nS/tlKCzzT7YpgqmrBq1Qh2RMJNTbRpC35Ixt+Juq8EKh46pTWQIpMZw5iD9IryCxfPeWbtysYZIBJtFKZbSGsoCjmpmRSa8fUxkZuNqdghA0NSsGX6Gc5R65AThurOPgbMx0jQNqfzpYHk86uiXYPhvjHfyFXm2PjxtquVBf/oP01MA6O0WOqWsdfAcH/flnfeOXHs0Hhy/OzZc2wpxms6UgztaUoJ+gN3tDbjwK6giUeVpOLxsYeWeS9vLJ81LYGuwXrIMkzg5YK+kqw/A/JBpDaABaRUSEGUw4ql+8KFAx2IsGLquQptf/bEgOwCFSIp4sRhqUzcfK9f1fVspqenh1XOhw8fJi7tiZwPqkuCJy3VRH2GXTjuvcrKyjnz5s6ePZty3X/G34vKicDFQ2dIioepDuxmmkZwqKIvDuxjvwrGkVFpDdNmPbPm2dqGeklJIERfylgDIlRlACoXOIqJO7654w+r4ZEEhYCQL1YaZm/5cQY5MoFYwDe6/olIcsiXHs9e6mQa2JgvHcaGAqSMQIZAHf1/EEoDzdShWL5/ZLyffR/o5wdKzSrVIJPUs/Rf1ovEzbRgikbOn87H/ZmVi+ObnvQeaiZ57NiQRqVMtinfmE1xo95lg3IAsIU2/V+DpvapwxfLyEDhcGK+B3h33Vo1vS8sCG105WxnG439SG0bS02N+1nFlU1+sm3r7l27hgeH/L4YA+z0hySbvD4JQp2lwvND/WTG4ejo6IwlM6Y3zYpoG4tiH8VDp9SD2C/XOL5BRubOnjl79fJ19CKSm7dg6dz589kRgFYFPsEdICJgmjdevWo7TJvovY2ymOpR2HCSYZq0+thM9cqno9VlwVUrgwmfb2znQGtHNATOtMQHzIXHkhn2fYiqg+XXd6c0fxhzCtc90dHK0iIcpr2JlWVfGFHCThj4u7Leowuy654KLGVlnpyfkr3VJqt4RJMaQsHaKkdiS8qURGJVaYpykCEAFWFwWvlSGQtYhwO4kXZ9umPPns+1vwMl1xp8BmJNHWjRc1D7OfqZlIh8KHoWN+fyhx6ZPWeOhiuKfhQVnbK6kRJcyeD7ZWuZeDxeFmZIMcx2fCVMdBB6YajQ6brn4rE4B2p0iD0FgPLrWhohCF1HBEY5MJdo/9m1N9U83f/UI95AX2TLnlySMWTzhTN1TdM42JUR75LHWm7maMjpJPnZP3kyLRs9skNDTmhxpgsHc/ObfC8+661oyVWXG9hEmuDsyAKXEO5u9YgkOGSBaPYPOd+hXwVUSX/0w7jkMjc0FZgFWKU5+RjcjauXtm798Ny5c7RakAhJlNPIobSQg9EpZxNKFCMbW33O3PkrHnts5swZCvmTkPxtPCgeOikxUqZG4i3Mpeg6BJcuYR/u5TV1DcFwhO+RNUxroL/O4SRnonW3UgAFbOqBSVmnQpA0nnxVdhl5mLDaJMifigX986cHXlhV0tE/duZytn+YnTeggA3D+LqP/VOwCX7r112bPC1pFI7c8+qHM/E+1VCeXPd07OmV4cYqHJ6Qg0ImlqlELlxs/Rb66tK4VpeglNCmzwqJ2+OJCAT6UQ/ysga9kKhUoFQpG4wmbt689tG2j7744ouenkHHP1BIs45H1wogJ5yRRRpqUliY9eSqZ5e0LKuo5BtRJFJs/Vk8dAqaTDPmqzi4ElkVPp5atnT5q5tfa5q/QKyh1TXOIEpAgxgBMVLkWvOIhUNXuQVU4VPhOauaM86kbaeRQQ5ncjCZH2VzX382WB4NPLKEmUvR1NvJ05dzQ5pNT5KslBnDNCS6LTXH5FLPAD2IpEhCv7qRxuNLVPg3/fl4Y7m35uHsrzb4qyshgGXrGHR8xkLeIlO91nZKbRKVyNKgdLyY0ImtS1ImewvL1U8FS8ERNjHMBieUiUjRockn/lxP9+29ez97/fV/7ehs5+NvjIWg0HEpykLFysa4xlLR7CTsb/mSaNOmT2/euOkVNucX+yWTYh/FQyeSo3B8lTWZZGKZnIdpVsBJv6jcEi/vdXIshWPShECP78GoRVa7SWi9lZa08NxgmMajfD0ARx0OR4GGxWX0nMNe2Mc2hbmxVQ9Fezv8qbHxE1ezSb5jSq9KM9oyIJGpcDY7VFgkOzc8Qsam2yTpYCwyOuavi6eeWh5+7cXaxrLxRD7MiFAwlPG0iFHGq/7pEMGGcqoPSWsphkAiwEo/GeUi3rBqpig3P90h3qkKo/1ZSsgspCPHjrz33jvtHV2xWBwPBk8w1aUC5JJgYRaKEy7nmLsaDPgSiVR5ec26FzcsWLKYD52pCbH1MT8dvV+bcvHQiRDBVzQWr6ypLWcZeygULyvTvFuJDMUqiSJCAUVazKHVRCuDSO8M39JLXHKvf2J+LpkK8Nm4NKM12rkBJ08Qm8lj2IOmORBh85dVywNDQ+GxVPLMzXQWZahCkwlopO+vfrTBy1CkNk7v7MwnPiIVwdRTywLPP+VvniEZ+fEgMXDPa03JhQD9N5NVap5roVA/pEFdshYBcKrvTHb22gLp6ic4yJVD1YHEIYQf/c/s2b1729YPL1+8Emb/M0xwM7GYAS17Gq0I46zBkIHEh8uSqcqKmidWPvXSpo3R0jhOeKVGJP0U9SgqOikfw+i/eHXzY4+vpA/0+MqVlTU1FFelFo9MozgRgw+eqO5rjog0m/7gkH544zrxxAMDdHD0Rqt4QmpP/VlmppkDn8dh3k2r8z/5SGiYPZtSiWttaVu4hklJN1x2AqkV0CnOS7ocukSR5DKPLvY9tyKwbL4/GmVXHZ6yhA0E43gIY9EpnIHA0WP41KwS6wFJ4HptVJvdya0KYI90/eMfjnukWwAU+pCPmB1l85LjR48nk6mgF2YfKMrGXG4srIxccqJThrGqU569m9kk55GHH3/557+Yv3C+ZsYqKVlZPz61fy3F4qGT0lHMOXPmzZwxk2YFwuLWTy9QaByCASZQcKkm30RZgM7EreBDWMOTrgnDZ/VIWx5NKnlWHzRl/hLwARC4KHGCovBmNXtr8uHxRHZwIM1kRqBJGuCYJCzlwknJAR/7x9y5WVXp9U9FH1/q1VaARFb60EKTPiBlHTBj98w1MSKNIKUk6jmgzu6EVrUYEMIc+ImclEMhoAv+451J1rAGXSj1XCqZ4Ktz77zzFlOuenr6WFatcVynBUQl5hBjbAopVmtHiBwTkVm8yoZWq1c/E43HcEtbEcGvGFbko3joFONoD3GphWJReipU5NR4MgmDGCSyz4yaS+NO+eEGDbytWICJpkERtKSOdOGjEkTqWq0xnEqX4DbK5vkYdCYciPqSaVp49UbpsPpzqVwyFAktmhsOB+Ott0cOXwiP8DjATgLAB+VheRr3aYPpGpA2VlZtpbfx6ejqx2MzGmROJNIRVovgDRDwyJ6OrgZEJTsXX+SIKsJK6av15C2hVUs4NJTKUxOyy9JF/DHPykCtDhCEQMaEOrezIHXbhwMDQ3Kza4SB8mpnMnX5shmsTIhiWqMMKfUPPTafX7fuxVVPPc1mqOZmcQX8qQj+9sIXD52u5iE/ujmZ9ND+vTvbW9ng1Js5c8HjK1fHKyoAiqMVTgBLEzztLjhiLAmXuJp+9amlC5lnRLusGUGoTi8XwYRCC2h0mL2pGFY0W0DtEYYt89loztgLJ+hfNCv5n14L+P6UOHQpMsDqoFAqwsImzReOYobm2PmC1i6QDyazM8u95x4Obn45V1pCr0ykBUL0IfjOIL1aCETO6BshG8uV/i5YMFvC+kkE0GImyMDYEB6hg80/3GwWM0rQ3Pd5kKAUHda1YE7xrUmyXOxK6lrP8t7wYO/J43v/8vp/HR7oY14VBWR75izdQY0J47JgrXo06+MbXzGmi7GCCF4xWvbihpc2/OxncxbOh2jaH5KikIIpKap9L+pRPHRSTtgJ81CAg4ODOz7Zfur4yeR4dvnDTzKMOb+lTAM6CnF3+RWJJ6hO0Ce3D3yS3uJK/kZQg25NayWu4uqeNtUuDOp6QK/Jy8eQR8qXQSBz5pVsXB/LBNKHzqWGGYNnHTmLm6Q3+FTscChfwQeka8vDTz4S3Lg+WF7KRiOSjNGk5lhSshtd64Vlqffc8UYitACQSUMp+EquTKTHm4C0RZ1L4AdIWoghP6VDCUUOl4Vf4ZWqkRgfPHx4/7vvvHurtTOfYxk+3BJp8IH6S40iuCl4+ZFoz+gYVZRXPrZyzT/90z8vXLiQT6O4ZGlMdIHdpJ9iH8VDJyVzAqSsaJH29q5btLJDiaqqmWOjrHV0Mvva8vMKhWVy1RmDUhYm+kN4NLcOISy+0OKS4MfsU/NVMX5EJC+b8jP12L/iodDAUGZ4NHvyWpZBTaZtojwBPnWAmR6V4fwjC4PPPO4tnI3vyFzu5GWJujOXlodwICWpHAr58uPeEpIGVNeOLNIRPnBQOFBOpmTpfp8TGejPKJBmk0GibN2l5c5N6vSZ4zt3fXLkyIlUghVPBIQFNDjim8JwxgiRBhUleJLYr2/JkmWbN29eurQlEmOioA6lLgsaFcqve1bUczHR6QAodjLFlRlnTApm4S22qP19W7HNaCOkmESjD7vUk1RDL9bxGB4LYHcJ3Z4oguyptLznaGBGzUmqviL35HL/aCI4kvBf7UVtkLXsRe3dlfGWLcqvXRl4eHE+hk9Qe8vcOcjKstETy5L8gaZRZeKTI8wsEALgmgGJogka5fCHXK71yP1XKvd1WM1UyUSFaqtS1Z9YIK7cvHn5kx3b6An192NuAjUKh460CQNY1MYwQiqiSOPCmzVr7trn1q9+ZnVE30gwsgqkFkh0Gd0Xvfcf6Uvcv/9kvkNMWjrn9qNdMrXHlnTwBnkymdL10L8mFWPUJLccDmhr4TBjMNbPIC0OYdRJp8DxSRaz0Bjb05QWkCYYa98Tc5uYyFfOcMD/eG8sIZXKIBMISjWWl7+0Jvz0I7n6Cja2x9h0WVsOjjoDhTK0w5xeSpUH/LeG3AhRBVLrSX5mKDKikGA3Dc191sEbazrt5nufSNJARcYkVECRGIBnIJUY63v3vde3b99661YHY0L0fAikWpML0A2iU44pbp5b6hXfjGOCdq6uvv6ZZ9e+uGFjrNRmv8ML6hJc1np2lcsVlvr2vUn9YRGKh07aTXGVgqsTAb40U4t7OOxYYKy+UxrBxYQAZ5nh6cYx9dr4xa/Cm9bEKNVj90rykl6z/3rIZFCGyfVhSfwDITZHzWKn4kpvrPG/tNpr7/DvO5HuYdsEn6+hNPvqi7mnHsuVl+D2Y61XYZdhKFHiOki8cNiVYUOvjVi9t+xVJJyhIJ7+FCYD78MYfz524MbJKqonUrm/X013nkgFtShcul3BfCNDQ1/s3bfl/U/a2wby2SheMG2Q5qUQs/VsaLD4WpcWFeIcQ50TG4X+/Pr17OEzw20AiFDUmSTVApWy8m2A9P6I/SGxiofOCSrlJcITzC1dRLhsrfa36U6Z82BKe1mqJdWokroXgrYEg1YEvzTfAqRkJsATgf8mOd4y5QSAoAfpbyfpJIXY6V3f/J3VkP7NRpyl4UMnmfIeeP7x8o3rcpWVY/i9wLTaaKU/gcwJaU0URApJIneHtA2WHFQhSkhimAqCaR2UAqYtM1uZv6wWVtQR6wfqIYHH5W0gYtMl9swf4GNZb77xh472W8yiZWIhYVAKrKW2DiX6U/19JjvQyqMg6A+Gw/Fn1r+08Wc/m88GfWIhCtMga/5mpxHu6IXJkhfronjoNFYabIAk8y2sRlKlcVjimZP6KYjZfozlE5JGubKFpGBMTEJKvESXWQeLhc9CHAnesgACBVjJCNB4kPo35JkC3MxwAFUMooS9XMu84HOr4pFwljlN658JNNV5ab4DQmQIFOAKdCj9uy5ddiTqnpOF2nQoU6G4FDxpNw0MPNVB3qQoQLk0703NkvxOJ6FdMCJwgWekmEsmRs+dObl924cnjp9OjDHzPwQNVgTCoiZVc6CLgoFOfnAOx2OlLQ8tfu3Xv3lo+cOltBeTRRTyxSzFskNZwQtX3u9E5I8TqHjodPQiFHFBBxeqv2p7NfRb4LQYMcEmAiNrdK0k7XQlHJfVKWEDSWkDJ3FjH0IzFproJH69k68RdykC5Amx5DziCq8oezIEouHAoy2B6lK+nJRbPI/FiCyzAVWaIqI9uRgWvUckIvMOqdwARtoC3Nskigj1FnDqGjIwkfnRhfz0nFVZCMjffR6WgeKLCEta9oMvd+3qpd27Pvn8s09Hhtiwia12IYHaoIlw+AoETeodA150kqQaMD4jzc3zXnnl1adXPxsri4g6pel0vUoNisVkOZ55+jeAJvkWD51wUgyFpXCLMbUJqw7mqWW2V186wSo9FZv4Yql2qkC8sAxYyVoSOvVasqGHJL66/4KovRKzlQb5JqUG82E2+8XlZza/nJB8AGUs61XF07Ut+qB0Nhti4A6Li7UMCJOpO1aF7oGSK4QEpmZdHQ4OEUmfr1BA3lkHBQUNbqlgmgOodhNVpChG3teU2FH9187EV9En4zMlcGx0iG+740Juv307HKpgK96MFjpr0rs/H2VtC04lrlgQDMlgLpPONcxoAJc/f+XVWDwiDaE237hqrRPBOFw3iML8NZJ+qvfFQydjPtIbQIwxtHSSHXxkgFI9kv7sCCjSB9IKpYQdBbjC1LBtZhnAW0nPXkPp2nw45g9onauQiiuAyXis2bEUWE3pxrNxf5OcmjR5nlm7QdpAg3XzMichRJ5MkCr3FJMhGEpBDartlRfJFCyrPgXvew7Fskd8gEPGKfGhgfyZOcAH4tmziZxkirAxGbYmGhi6GctmYEbDowBLuo6qNYmuezIo3EI4V9QPSHWMsRLorSh28aEEzGUT2z58eycf27zZ7feXJxnbYpK1tqulO84gEF9kHtG29GrZgSbATVZWVD+79vlfbP5VSVk5hAB2KqtkoDo0wXtlpUMk/I2O4qFT3+mTV1yK0vY+ibDyEaeNFuTGZKJZE2jsUJUXSwQD6SHxWZamBMYrFJwzBkCREpMATY52IebegVWh4ht/C0zmpYUmcYc0zpPathDGAMhpUm2InInDXfKWnI1OHuiZCuCeCE90jaF50illIFaKynwipW/6paSWsNIjjAtfiGVggiP2Kjc80H3wwJ4333jn8qXrqRRbHIpNYhg1k4maDKOL5+IRT4y8YCwWXrdu/YYNL86ZM8uNTbpSIphvoudv9bx46JT0xFFVVL7N/PTq9dNnzhsZHpk5vamObZCkV4ypJnT4q8Cwy7iKfNQLlvStZYTnbk6F2mePjT2QCTEERf2XfnLHxO9d7OX9V+AhsfDfQhei6MdJTW8U4K5DLxH5XU9cbId2RVMDSiwNGzgQQ5dAU8j8nvTuSmjiksJbFGPaRHBLWanDCVrjRGKIj8AyO+7CuSvjY2zjQdWHb9LWxgdaEwHS3MmiA+XIJpyrVq16aePGh5Y/FImrU/8gH0VEp2b4FLgRi8bXrduUSieYD8K37muqaxg8ErLEKjW8hjUDsvhLiyPbHoAaXnUy3cJJTwyShgh1BEjEpWNpFSB3RwSEM8Dfg1GStMxdQF0qIeXE4X7c2V5NUGoaSbm5COpauDt0l9oIxdSJQ5qfp3r91xFBeMu4cLJEJx8oO95nMuPXr1/avXvX/v1fsCSVphz/v4byZf5oax1qLNob40lNFoVmo4hIpKl57i9f3fz4E8ysZVMkGQ8iz5H0nUibJKMYF8VDp+SPdEw4GItVFSV8H1IP1DzTWKMbhUDxkTBYjTBVghDiYK0u9EICptmU9MRVpMBEWnoyHGqaUKB6RUh3lo1WkLQSUIq8tNQsiOQCCgtP3SPduJA2uDX50F3oFQc31lwqVUVXLnou9Qi9SlKP3cHVZIN75+nE26/+OprdWYladty6JwqfT3d3t3322Y63+BJrV180XIrBgynPYBFmJhyVk8AUKGyke07DwuIBvsr10qafrVn7XEVVqYhVL420ZDobx+4k/1WS/iZPiodOyVDQ4eNmg+23bpw5fYoOJiyrrqlduGDx7HktbA/Jmjgxyg556tVhVwdfBpRsJ+1Og5dDyy1owNRPRjHguMT3zLJsBMErzbu0NAQP4deh0wQsFtuFHsrYlDygy4m/IAACOLxOCmQyLiHdQydHU8IkAB2ixW4d8eQNHFH54IU4dH7t+WSKf+UCYJknp8AKQpO+zBd92lCFok3fuvXd9997r40vjgYifLlZgz/6ULbqL8MAVAdRxCIThjFSebzFdXX1q1c/+9pvfl1aXqrsrfBWTc2aFy8fuKN46FTR8/nLl8/v37tj/x4+Dt46NsKmhx6fW62srJ7ZPG/jpp8/vGJFTW09srbhIEWgiedPvISRuqQfCv+tT1p4JtmDFuldYU0/BXgVoHQv03n8VUkorPt/5yyCHZgLSZCyjskMuFbzr7xVlZQ5sIA+aWw7RPYEuHmg2HqriqHrrz1EgBEzEcQiWqVR3kA+xX5kOz/55Pq1myxYU70NsktPkkgsqmR0AzJcZRDPhGmPmr927bpf/+a306bVUXnRqvBIrJpo3F1BCxRa/g/CqXjoRGZdXV379+x7/90tly9eSCcy1dV1gWC4r3f85s0Lly9exwpFZk/hHC4tm5CLcATarEck+UupYetLzLL4BQUnOkQghWEOEV444RDMvZ3gNBGEJslGclYCE9DhhQFHz+zKzi4de+IkZxGJRBpOwRJNUjbVKeNYVOkEqU7hFah20S2lQhbu+mvOFmPyuSsBgof9cgAAGitJREFUhEAeyY+Nj1y9eObDD7devnQNvxx75ajSUmc1dYH2Bh8aE93lcHI0YguHwrFVq5/ZsHHT0mUPBZnqySGqQbAK4pSmmMLDB+woHjqpxmdPn9i/d9+5MxdpoObMalm5cnVZZWVrW+uhwwd6267t2727sXE6e53NmncHnYJQQdygk54TwlLXVH1/mGsv4SrQNCEBWQ44bbBzgr2b43oiySgZXQtDeqDDknOXei08FN4UHt79o5dEdkEcjYgddErG3OM/Q/JGuj1QiopvKFOIbz94PwkXLlTxSJOFvIlr1y6//8GbR48cGxlOBtgLXNa5DHTGJ1Gclrf8WWYYqDIHQ8Eli5du+tnLjz/xZIwNODHxRaZZ8lCvbr07oNZROvHgAfgtHjpzuaGDB3dfvHgWJIWC8fXrN23+9W9nzm4+c+Esm2Id2Tkwnki23+643Xa7ee58sU/cUbPEdG7ts0VrJLTwBhuMESOmarI9FbpTbnUneiLo0oFT15aEnRXRaQcLelcM5XMHM5arxVA6Ogo/dg0FPCS0I47LyZvChb1QFOxOM/80esm7ydemti2xbzm5PJUNhFp0DG9mG91uu7X7s11vvPGn1JjHl0DEG+0UiYnJwCVIpZbqG5guO+orz2trqv7xd797ctVTVbWVVqPdmKWNrrF8So2NDleku8vqnv9tz8VD59DAQHtbx8DAaDAQq66uf+yJx6pqK7yQb878Wf/p//jf+TQ9PaSGxmnNc+aaRpTk+Y+S1FQmNq4QuNThwfpHV1D9C115jFC+3cqW8jKxEAh7nzNsJM8K2JbCQVaFw8GtIAp7TEIGFwW2f2axKbiAAcakWkxmCiERSiE64HJGxtQPXtD5SSl72wvcNJ1qCU5Z20ZYJDC506BNsncIUkbffMgstIOMKMtQX+cXuz98741/Ge7H1M6z975wqWVrkWwuoaE4cQeWZRi6kh7N5HHVvfzCL59b81xdQwNrSWFEUGPXSlbKdVJvqox33XwzSUV+Uzx0pjJjjPOi9YIhj485l5eXhvnomt/HTh6zm2dNr6qhcabPztcy4RNqR5acRKnZSfTL1XaLvUCAazxQ5lSyJh4J2R9zQIPIiNhCkaAE0wVNXXyZr3p6zyH4KaSFlYXnLiyUvbsrHUuUDJhKLLSqpbRDmXIYnnlgb2UEcujj35pnJc/ZV8ixTL50IhVRwCEu8FWR1Oinu3Z+tO3jG9dvaZ0Qzk2tx8DiVO0gjPSmBpD0AIJSyUx1Ze0TTz71y19trqmtpfwEFUfv5YTL5AE9Fw+dbMLJ1A94Lh+HXEJuE0/ukmPDg+03rqTS2fKKyrqGxghLLMVHDiRDS4U7kzOHzWVQa08yEoljtmDogKV7BGQvnFytg/Ql3iv0HREZHO29PdeVciZ5/cp5aYdSLVw63BgIFdAyM2r1yMKg8gRY3kEoj+yhIWkiCYi/Q4LL4Z4zIUUHhyLmkocP7d+5c+f585fRmKqSAq/+adCegMqa2qtlqvCKBp9d04DmK6/+cmHL4lCEea2yMKyuWl1xST/w5+KhMxqrrKioi4RLRof6Esnx7u7bqVRzOJrv7+04euzInp2fjo8nF7UsXf3MGjbb9WPvC3LISN8Ix2ckVVoAAV0Ex2ITMdKX29kENCFT5CV0SL4SJD/6P/HjQglwk4/s5T0nF8UFdtcuAUHCDmCieSSWtR7w2IHGcoZg2yXKJYBmE4KMJBf7284Fs8IS5YvznR032ALp+DF9rjMUilI3bRdc8YP/MAY4FgoLazQ1xXto+aMbf/bz1WvWRGLsrAu/ZL6KFQXMf1vuD8674qEzHq2ZM6elvuF8X+/Q2OjooUP7ZzbVNjTWXTh3/C+v/3+f7zzEZ4zWvTi6YGHLMgOfE6SdJXZ1MpA20OCEREyp6i2sLyBXYDWESA6AQXfqv9pRAMmXOE/0wlse6+bO3WS4e6R5961Dp7ruim0wQdtK/qbK5FFH22s4i0ODBvq0rC3dmEz9ay+EIhJBDdJKpNk7ji2Qdu34rK+3j4kdkAn6WBFFfio4KlHpM2JJVjIt+dx93bRG9pkBmrHSuG2TAmB1qIz/po7ioRNmPvXU05cuXrp86SJfA3p/y5bLVy+Ul8f5oNP5c+cC/lh1VWnLkodbFj+MGwSBgy8kK2HQDxLrxVcxWO5ON/RCKJSoOvNoJpmmdGHphBISuan1tIZXUDHYcVIqpKpb6REl9/WgtLwka6V2zzERBezopaqHJiCzKaMCqiG2lts0q2vbIZiDraNoAggP/L4u3YlspOqULDv2tXdc37Vzxx//578O9I3guBTV2p1RYNOV1qazowkOpDxTOMkXJpTES//xd/9+1dOrK6uq4Ac9JeV1hwMTufxb+C0eOkHKzKZpL25Yl06PffbpzoH+vmNHz8Bn9unLZYK19TOee37dM8+ur6ltQDKCpnqsCJd1HXLRicdSF6CPW+Ar1z2w0PgIW8LrLTLlVlfI3yQiLWTAdA/uCMS9t/AFgNoT19bfCUZKXzn0zLWjpK78LQHOgJW+mm5xKJrNqt4ac68mRjJRn9Qg9fO/Jtkv5WM1hy2fer7Y//k7b72Fr4NJrszUZ96wJiDIbSSHgLUjsn3QoIxhknpVZfXatS88v25d4/RGep9oVbLiz0pnV1/K50G/KSI6fVm8wcuWL4tEwzNnzrxy+UpXZzeD7kycYQh44cKWJ554cv7ChWx4JHaanTQpReGS/4Y/KZ4C6pzy0nCHghMHWEpNIH+FcLy/Ixu9l5zsjWlOOykYaSuWvXbR3KVSLKQz8XjiVyAjgk76VQ9KfiPVGNHqqtNEYGWqg3uCf0OKdwITiK2KDx85+OnOXZcuXGLlVShyZ3RXE65xhElxkw9TY5lxzSQDX1lZFSuEfrn51VlzZmFukpwzz5WuKPy3dxQTnfS481VVtSseq1ywYMnNGzfbbt1OjI3HorH6+vr5C+eVlZXT+AkiHBNuSthvxlsBAghYPk3uTB3YralSE72kb8AtoMCJYwJhhiF3YzBx8BK6iGPq0B4rkntgqbk0CikJDnbpQurG8rRb3dGEG8UoNP7J2lAzL2cPehPSFVkpcOESstTuPZFc+srVyzu27zxy+Dhbk7LMFzVpdo7ykKUpd4AylH8KoPJRuljJsmXLmauwctVKKrwlqQKoMlhukzXx3twe4PsiolO4U3sEn8vKK1paWpYtXSYRmc5iK690LgnP6aGbsx0VhI4BOdJD8JdX1tGREgKw+OVpQLlE8pK73kphmigUWjgiKmdB7c4hkeqda14Vw4DChcIptHTbZAx3Yam4mIYsdxIuXCyZnlQibcWInQHBcuxoLos2XOCARn281j6Dzq3ysOdfdwLSmeHh3g/ef/eL/Qd6uugJ8XEvj1lYchfJ/EYhEoZQKp9S4Ftkgcj8eQte+TlrMTazX7M9JBMUuTJTuzChsL8536+jRc++ldhvivQjPS8eOh1gBvrae7o7MBzZhgpbStMXcNEjyFS6tKy8ftqM8uo6NicugEIjwk4Zqe9NCnjdGQUBz2zvhwHqehqBXDiQGcl66VwgF+dz6l46q8XoCInmNaNtfhGTPleEZcZ6Ir6by7d4uGN9EyvbZNuSDfwEQwIVYTEVEAsyVR9ch0O6KobcN1JdbNoVYmNvagbwCeRNubGqjrVmqjP6rFaGtUop1kUZQFhTIRvUDGUys1qAAS3gMHlAYLXENQFuoKd9y3t/3rH1o/abt5h1HQxE05kxt8qZgOql+8bADHtzYfcynzOdGm+cNmPz5n9Yt26dvkim5GCWSLYqp7Q195Bfm5JE1S5kyKAH6+DZKKWw+NFqpdboY9xjsnJLl4oRB0CiRHTmt4hH8dAJVxPjYwcP7vv4o609Xf0eX0/LYTCxdCxNfzabyNbVN7zyy83Pv/BSKKLPGDgWwlMAQW/XAIQEUZzaQQCUcS3hqplj/yp/IhkZGYt74ThyyOT4jivtPx6WPJv3g0J2XOA5oEIBMx9UPVk5yzlpbwzkAxRR3IIPI5AmAFPVBeXDQw4iCJ0anWHZpkcvOuqFk9ncUCadom5AFWBRU2ABlKHoVNqaqEFEsjBcSsaUj1f6kWaTSlSsvp7bBw7seevNd2/eaKUasLepmgViauYg01cBlOYYONeSkqBilASra6OpbP+1Gyda29k8QizVHAShnyxZ2J60bxIpF2oWY+tsPaFXkJNhlhiJC7CGPHQB5WbDErFGu/rwZWg+rpfLR8KhuurapnlPGG+KdCoeOtF37JTZ09t1+syJ1mtt7BkZ5ssPONo1kOFPJ/K9fQNPPNnJaHvQWU0mOrhmwHC11okSiTo4yQgVH4PeQCJ38rwvk0rHA2k0I1vIi/tM4GFHTtwCrAfGFkDXmCuAW43DSz+yc4t2WZWWRBaFqT264wYpiTIjANhiAIMS0AlGFcDvG815JXK5Zy/eynf3Im+WjfNlYhJi7yZ61FxDpykh9Zn4IyOHfOLrcDkBCFPz/tHh4ePHj2zd8t6lSxfTmTwOKHKhCRfKzW0lYmRoEhM8QZvKxYKNoeGe3Z9/fOr0F6qs2BOstJpcAZuVvaEvXusQR2hGqKXKVLeBEJ9dRt8bPTltN84t46Sq+aBTHxtnj74saxnKlrcs/u3fKzqtIUY3SQtITHl/82wdFZWl2oU3lYmXls2Y2aRVxKZfjF1cCp0mVNlO1H53i6glB4NuLuR1j+YPnk5fuKw9X71gOENLRgOL/zuV8YfDGkoRuwUsjfNp+1lJG5JAJ/XBUMKthSmAUyhTTxhoYF5IqQqd3JgmU86ptL9EujU9lPR1j1Kl2DOWP7ALOoGO3JP8ORjxy5VEzp8VSydnHvOrrLIXL53+9NOd+/cfgCGhEEAB+oqGqaEiqFkXAyBCKZCciiCTtLunt6enSy4Dks+GQSfwhWLIRtGqWy+ThD9h3XQnKaAdASLDy2Rt/mM4zqdoNUsBn7/QyVs+EEq5YFl9XU1u3P/b/82JpUjnIupOWy6OMtMmALlQSbzsmVUvbtjw0py5zdojyUuGwhGWV4fiJY4xJghDo9pczZ+AX+ZbVoPIW3nApT3YWYatgrzEmL9djSsrydnDiyBJqgEr51nhzo2qhToTJEJc2a8kgCyRHyM4PDNxS4NIwJYBmchk5V5Q408zUYjFmYeCqS8bBSE0wJrbwhX7COsd8Vl1n/NFmFOAHuIhRKKHhNd8WCkpAw4loluZqqn+vradOz74fPfu4WFMnRI3LkZITXKTrZvgbPgUNOmBQQJ1R2o8H8IIpqykKB0v9hDGYZmcsVe4s1YeC9Jfwqo4bX6v1JjGH+bjMPZZCIXEfhL9mvRJwtL6EA6bNXWFL5nk/36/z04VZJ8FmIdSCEUZieu/cGVPdkdb+RH2hQtEgzOeXPXM3AWl+iKq2l8EJsZzAhTwiGtgwSElALNQhgKSWkuaJnEfw80D+DSpdETo7agTgt7MB7FKQaQShM+CtZQKTZuUg9guDaf0UVQGHAUhBolLpByWDw8JSURpXasV4/TIPT6RBPJJmmlTaXowIBpyRDdtIlswKLYknfeP8+fzxqGSdzyld2+6VVmzgfOfXv/99k8+6mjvANn5PNYsNol23iMBrEZZmH42ntCsrnx+hBYGaDp/PKSqt2eT5FG6+saO8AjwOauM7Dtu5ZOqzPoSKi3lxNSRgjTjXEpX154XYXsIGzHg6wcUBC7xjREaetJkz3IlU8yjeLoTfglqmvsG82LU2vNn2y5ebONr2ICRz0fHS6vqG2eUlJebRQjDXMONPsDLxL9wOkDPF3YiXb0yUInVkiA3PECDaAcPdBhKi9yo+3RDogK29IEgA8BkjdI6OoCiEt1jiZHm0Kk1RZW8pJ3Jj+w4JEqwyAuLAVhUNzQHXvRg6mEBq62Wg0u4wOCTvtRbkE8XMENKMFw8p8VUJ0xXvoH+zs8+27r9o+0dbd0CC+XPwx81qcqJ/RypaEI/UwmpfqIjkyE6F7brE3vbpZNkJgypFLTOsEk08p9Z2gTnsRWfR3rq7AsCqbRUHAjkYMGSvponzOuscpCZvSakLh1ziFOko3joREgwWfpAm6gAES8UroyVxE2ivrA/UFpWwdp2icsOxxCEw4V4x0NjkVwwdDv4JpHJiafITT0jOUAJCU+RrqwuctS308GylKsQxntemWoDiugKewS6XOpkYN183ek/oBLkbTG9ZU5m5mHlDZljlPExKkUCAfgcpTTJEumCffCgXriMPdNQAkehGK6EtK8qKd8eOHXyyFtvvHXzRkeKDWh5KJUdsrIQgWv8YzbxgIxIyuoYwZRugUzaE+71jrf4xVSlQJWqsdoMRwSPRBA2kMAHHmnWKQx7QeJ0E4spmyoV4UWYiKZVEM5hmh4puyIfxUMnOoAW0Mw/G0Px5RcvWbp0+fLK2ko0XjzgPfTQ8rLScsqvugs7zChTlbc2vaC/XM2XhtBrOEcw9JJPJhH3GGLWXKIq1eIiIn3GEA0iGCpRaQmxW350Nbp8RZ2ULRlOXGiOvfJXuyg1wjWPJVdlLYVsqkdRNPuYLwBJ2gRDEbIvphFOXByRiF8A4mwXSpw/pagksT346G9i6MLFk9u3f3z08ClSMIcX2hEKZRdapaJTY/SRvX3JBUWXydmG9qqKVDyrmqxY1yF/FYOgECGIO/OGkqsFoa2AA1g2aEfeihkqi8DOrysxdUukikO8IQhFU2BJQKmrdEU9iodOIMK20JlMki1AWGLN5y8WLJj7/Lq1TXOaYX8IENGHyaQCuDP4eKDjkLFDAJQKEkrctXgt05Q/QtAlZeMvvnGFA5XN4zAGkzIBfRF6G/Re02ZkIioTgeshca3mGh3M8hw850gONFsGPBYmlTbmqfrpTkCSDiucoAFgQwaSy6YH2QkUFaQBy4y+zElHDWDxDhDaBW2/td4iXM8nBG6q3Mvcaru4c+e2D7duw1/KOwOAqxsGDYUXflRXsAdJgBBMSaLKCttmBvJSH80IMxJFvaILFdTcD/gitQ96WdjCZmPUUvWYPPpq1EbFF9pJmcrp0x4CVnbArViKR0QVHHjCAHYCwmecofdZVGw6G6g4WbIsy/og0UAwyqprlM7u3W9fvfZFWXmpxiLFkeAza9Y/t25DZXW9egximNpjUMum66heWW9wj53PA1IwAAiGI/4MnSFUjWo4hho9iTF/IG7NGxIoZZmRGUxwFh3N3pZCInwHhRJnjq/1MLKE3oIANh2j1khBggrwS7gcvkPVCmYB0Wizjgc7UpShTXP+Ui+HztYCdqoAnR6/L4IRCIQQf44RHYmbTQlBOj7/8Ww2Qf0U5UogNz4+tPOTnbt27Bwe6g+H4hjD5MZac9VEWcM0uCQep72FTEwUkIQaJiolhFQ5xkwxe/4wX70B/apeoJJ+ET0jzUHmng86kD1oVcebePkAjQkCTxryqHv9ni+ibz6TpT7cBAOtaYdAsR+e0g8TyqkbITaQLO5RTN2p1gGW4tXBU51M5q9e7Wy73Ycxit8H845Ri5ra+Y8+lqysttZWLSaM1MIufThCX1zFwKf/iIuYaXVwVqCRnvDzSSzAJcmZvlM2uNiNvzAXPQMeZSBq2ANsqFdg+ONdkO+6gj/0Eg/TWGXoRABAsrSsMlK1oSehicyQlQQMWJyWU5srAJKYEGstvtKxgy9M49JSRNCllkBEGO6kIXOZ1Pi777yza+dnt9s6yU7aF4QLYLToUsXUJeoJ6ZtZQhIQqRrBk1weVyi5cqsDxJEJqbtOjPSdqiohuXDXosJMG3IGcCIDcqgm4M5aCiJZIfQJFKi1+ilwqprKJFJjJo8LoYp5FA+dFBE/yKzZc55evbaznf1VcJKLVZQa2cBF9pudMXNeKFyi8gsQ7oDPYrR45R4IdIV6rWh67AJwbXpHG8WLyXqpsNIxoA25y0fJ84L1ieNekBDozVFIToYnBZCEqEmIw5Cs/J1EJVSRTb6237FeKwLtoNQbel15Ehol5FDNe6KSAkUlIhcjI4PHj+/dtu29SxfOMwUJUJKXWEFEF5orYVlosEjKzsotlAlnBBQ4jS0EVtWw6kj6DF9Jeavwek99EhJJjtTIncJiFts7QVjsZT9Rqz5GnuVgGSj2BM1SqNomtbhH8dAJAjhaWh4qK6ka6B+IRmIGAQlXAmD+TdCbNr2xorKCR04u4i/OpmCopq6mvqF+fDyh8WV8NEG+6ifLiz8ZdtoZ1IwwPUC/6a3jPLeMkmIw2j7qSI62FbcAQkE+9JywNcrQndK4Si6Vy9LLwSElcAJPiVV5IBMnaLpcAgK3UMgCCr7lCrylqbBNvJF8Vq4D3nFDnSKyskJd414vKwuHNfxDQ9Hd3blv766erq54rKwsXiWTV/CUt0jgo6qgHb1xazHITqYFep3lAwKrNrWlHcBJREiaD/qEWCM4mKQI7RBBKo2Itxg0KQW1jSJgZBKsEkBlkfszF6FjaSEFX6sS3BlDHHTFZKY+VpdX2AZMLpOinIuHTmosVZqpnODM5G3lM9GLNUKp1VVVV3mfhQC5F0PlZVUPP7yyrKQhkUwCI8wvL4TZhEjEtkwmH9CG2niwrT3Ks/ydYLZbGAjL6jvPjAaZHUbzJ2FIC9AgS/nRenKLpnFDeXwJk9Efs8ykelDu9FaQOodpI+koaRm5A9Cc0ndMbyMumANCYxl9FhVM8ISOXpJ8CEcq5FVeyde+q7EIR0dH29s7hgfGly5ekc+yOxxsybF22ja3hyoaZtQz/0b5kjHZMofLqgLVMa5aLAdrzOfHvUr9AFVCJ/aJ2ndVIaNVw5eiAxaqGIwFmR7nJbdWdkhHyaMRcc6zk7wadGM5Kw5kGeis1JScS6estHRWU7PCFPEQu4uY3VRWUxz4HhygikwdUxx4QDkwhc4HVDBTZMGBKXROweDB5cAUOh9c2UxRNoXOKQw8uByYQueDK5spyqbQOYWBB5cD/z9Ou3BZmZO/3gAAAABJRU5ErkJggg==","description":"会社ロゴ","created_at":"2025-09-20 01:40:44","updated_at":"2025-09-20 01:40:44"}]}}',0,'json_minify','3a3d36c4');
INSERT INTO "backup_metadata" VALUES(5,'Level 2 Enhanced Backup','manual','backup_gen3_2025-09-20T02-33-49-949Z.json',11947,36,'completed','2025-09-20T02:33:49.949Z','2025-10-20T02:33:50.611Z','system',NULL,3,'database','database://backup_gen3_2025-09-20T02-33-49-949Z.json','{"metadata":{"backup_name":"Level 2 Enhanced Backup","backup_type":"manual","generation_number":3,"created_at":"2025-09-20T02:33:49.949Z","version":"2.0","tables":["customers","projects","estimates","vehicle_pricing","staff_rates"],"storage_type":"database","compression_enabled":true},"data":{"customers":[{"id":4,"name":"株式会社サンプル商事","contact_person":"田中太郎","phone":"","email":"tanaka@sample-corp.com","address":"","notes":"","user_id":"test-user-001","created_at":"2025-08-22 04:04:46","updated_at":"2025-08-22 04:04:46"},{"id":5,"name":"有限会社テスト運送","contact_person":"佐藤花子","phone":"","email":"sato@test-transport.co.jp","address":"","notes":"","user_id":"test-user-001","created_at":"2025-08-22 04:04:46","updated_at":"2025-08-22 04:04:46"},{"id":6,"name":"合同会社デモ物流","contact_person":"鈴木次郎","phone":"","email":"suzuki@demo-logistics.com","address":"","notes":"","user_id":"test-user-001","created_at":"2025-08-22 04:04:46","updated_at":"2025-08-22 04:04:46"},{"id":7,"name":"株式会社モックアップ","contact_person":"高橋三郎","phone":"","email":"takahashi@mockup-inc.jp","address":"","notes":"","user_id":"test-user-001","created_at":"2025-08-22 04:04:46","updated_at":"2025-08-22 04:04:46"},{"id":8,"name":"沖縄サンプル企業","contact_person":"山田美咲","phone":"","email":"yamada@okinawa-sample.co.jp","address":"","notes":"","user_id":"test-user-001","created_at":"2025-08-22 04:04:46","updated_at":"2025-08-22 04:04:46"},{"id":9,"name":"カッシーナ","contact_person":"","phone":"","email":"","address":"","notes":"","user_id":"test-user-001","created_at":"2025-08-22 04:04:46","updated_at":"2025-08-22 04:04:46"},{"id":10,"name":"テスト会社123","contact_person":"テスト担当者","phone":"","email":"test@test.com","address":"","notes":"","user_id":"test-user-001","created_at":"2025-08-22 04:04:46","updated_at":"2025-08-22 04:04:46"},{"id":11,"name":"連動テスト株式会社","contact_person":"連動テスト担当者","phone":"","email":"test@test.com","address":"","notes":"","user_id":"test-user-001","created_at":"2025-08-22 04:04:46","updated_at":"2025-08-22 04:04:46"},{"id":12,"name":"アルフレックス","contact_person":"","phone":"","email":"","address":"","notes":"","user_id":"test-user-001","created_at":"2025-08-22 04:04:46","updated_at":"2025-08-22 04:04:46"},{"id":13,"name":"株式会社サンプル商事","contact_person":"田中太郎","phone":"","email":"tanaka@sample-corp.com","address":"","notes":"","user_id":"test-user-001","created_at":"2025-08-22 04:04:46","updated_at":"2025-08-22 04:04:46"},{"id":14,"name":"有限会社テスト運送","contact_person":"佐藤花子","phone":"","email":"sato@test-transport.co.jp","address":"","notes":"","user_id":"test-user-001","created_at":"2025-08-22 04:04:46","updated_at":"2025-08-22 04:04:46"},{"id":15,"name":"合同会社デモ物流","contact_person":"鈴木次郎","phone":"","email":"suzuki@demo-logistics.com","address":"","notes":"","user_id":"test-user-001","created_at":"2025-08-22 04:04:46","updated_at":"2025-08-22 04:04:46"},{"id":16,"name":"株式会社モックアップ","contact_person":"高橋三郎","phone":"","email":"takahashi@mockup-inc.jp","address":"","notes":"","user_id":"test-user-001","created_at":"2025-08-22 04:04:46","updated_at":"2025-08-22 04:04:46"},{"id":17,"name":"沖縄サンプル企業","contact_person":"山田美咲","phone":"","email":"yamada@okinawa-sample.co.jp","address":"","notes":"","user_id":"test-user-001","created_at":"2025-08-22 04:04:46","updated_at":"2025-08-22 04:04:46"},{"id":18,"name":"カッシーナ","contact_person":"","phone":"","email":"","address":"","notes":"","user_id":"test-user-001","created_at":"2025-08-22 04:04:46","updated_at":"2025-08-22 04:04:46"},{"id":19,"name":"テスト会社123","contact_person":"テスト担当者","phone":"","email":"test@test.com","address":"","notes":"","user_id":"test-user-001","created_at":"2025-08-22 04:04:46","updated_at":"2025-08-22 04:04:46"},{"id":20,"name":"連動テスト株式会社","contact_person":"連動テスト担当者","phone":"","email":"test@test.com","address":"","notes":"","user_id":"test-user-001","created_at":"2025-08-22 04:04:46","updated_at":"2025-08-22 04:04:46"},{"id":21,"name":"アルフレックス","contact_person":"","phone":"","email":"","address":"","notes":"","user_id":"test-user-001","created_at":"2025-08-22 04:04:46","updated_at":"2025-08-22 04:04:46"},{"id":22,"name":"フリー見積顧客","contact_person":"担当者","phone":"","email":"","address":"","notes":null,"user_id":"system","created_at":"2025-09-19 06:31:14","updated_at":"2025-09-19 06:31:14"}],"projects":[{"id":5,"customer_id":4,"name":"オフィス移転プロジェクト","description":"","status":"quote_sent","user_id":"test-user-001","created_at":"2025-08-22 04:04:46","updated_at":"2025-08-22 04:04:46","contact_person":"田中太郎"},{"id":6,"customer_id":5,"name":"工場設備搬送案件","description":"","status":"under_consideration","user_id":"test-user-001","created_at":"2025-08-22 04:04:46","updated_at":"2025-08-22 04:04:46","contact_person":"佐藤花子"},{"id":7,"customer_id":6,"name":"倉庫商品配送業務","description":"","status":"order","user_id":"test-user-001","created_at":"2025-08-22 04:04:46","updated_at":"2025-08-22 04:04:46","contact_person":"鈴木次郎"},{"id":8,"customer_id":7,"name":"展示会設営サポート","description":"","status":"initial","user_id":"test-user-001","created_at":"2025-08-22 04:04:46","updated_at":"2025-08-22 04:04:46","contact_person":"高橋三郎"},{"id":9,"customer_id":8,"name":"離島配送テスト案件","description":"","status":"failed","user_id":"test-user-001","created_at":"2025-08-22 04:04:46","updated_at":"2025-08-22 04:04:46","contact_person":"山田美咲"},{"id":10,"customer_id":4,"name":"緊急医療機器輸送","description":"","status":"quote_sent","user_id":"test-user-001","created_at":"2025-08-22 04:04:46","updated_at":"2025-08-22 04:04:46","contact_person":"田中太郎"},{"id":11,"customer_id":5,"name":"食品配送定期便","description":"","status":"order","user_id":"test-user-001","created_at":"2025-08-22 04:04:46","updated_at":"2025-08-22 04:04:46","contact_person":"佐藤花子"},{"id":12,"customer_id":9,"name":"ホテル納品","description":"","status":"initial","user_id":"test-user-001","created_at":"2025-08-22 04:04:46","updated_at":"2025-08-22 04:04:46","contact_person":""},{"id":13,"customer_id":4,"name":"ホテル納品","description":"","status":"initial","user_id":"test-user-001","created_at":"2025-08-22 04:04:46","updated_at":"2025-08-22 04:04:46","contact_person":"田中太郎"},{"id":14,"customer_id":22,"name":"フリー見積プロジェクト","description":"顧客: 齋藤商事\n案件: 本社移転プロジェクト","status":"active","user_id":"system","created_at":"2025-09-19 06:31:14","updated_at":"2025-09-19 06:31:14","contact_person":"担当者"},{"id":15,"customer_id":9,"name":"大阪市天王寺区　平山様　搬入","description":"GRABｿﾌｧ・ﾃｰﾌﾞﾙ・BROADdeskなど","status":"initial","user_id":"test-user-001","created_at":"2025-09-19 08:37:56","updated_at":"2025-09-19 08:37:56","contact_person":"中池様"},{"id":16,"customer_id":9,"name":"大阪市天王寺区　平山様　搬入","description":"GRABｿﾌｧ・ﾃｰﾌﾞﾙ・BROADdeskなど","status":"initial","user_id":"test-user-001","created_at":"2025-09-19 08:37:56","updated_at":"2025-09-19 08:37:56","contact_person":"中池様"},{"id":17,"customer_id":9,"name":"大阪市天王寺区　平山様　搬入","description":"","status":"initial","user_id":"test-user-001","created_at":"2025-09-19 08:45:40","updated_at":"2025-09-19 08:45:40","contact_person":"中池様"},{"id":18,"customer_id":9,"name":"大阪市天王寺区　平山様　搬入","description":"","status":"initial","user_id":"test-user-001","created_at":"2025-09-19 08:45:40","updated_at":"2025-09-19 08:45:40","contact_person":"中池様"}],"estimates":[{"id":3,"customer_id":9,"project_id":12,"estimate_number":"EST-2025-064","delivery_address":"大阪府大阪市西区土佐堀","delivery_postal_code":null,"delivery_area":"A","vehicle_type":"4t_truck","operation_type":"終日","vehicle_cost":60000,"supervisor_count":0,"leader_count":0,"m2_staff_half_day":0,"m2_staff_full_day":0,"temp_staff_half_day":0,"temp_staff_full_day":0,"staff_cost":53500,"parking_officer_hours":0,"parking_officer_cost":0,"transport_vehicles":0,"transport_within_20km":1,"transport_distance":0,"transport_fuel_cost":0,"transport_cost":0,"waste_disposal_size":"none","waste_disposal_cost":0,"protection_work":0,"protection_floors":0,"protection_cost":0,"material_collection_size":"none","material_collection_cost":0,"construction_m2_staff":0,"construction_partner":null,"construction_cost":0,"work_time_type":"normal","work_time_multiplier":1,"parking_fee":0,"highway_fee":0,"subtotal":156200,"tax_rate":0.1,"tax_amount":15620,"total_amount":171820,"notes":null,"ai_email_generated":null,"pdf_generated":0,"user_id":"test-user-001","created_at":"2025-09-19 08:23:11","updated_at":"2025-09-19 08:23:11","vehicle_2t_count":1,"vehicle_4t_count":1,"external_contractor_cost":0,"uses_multiple_vehicles":1,"estimate_type":"standard","discount_amount":0},{"id":4,"customer_id":9,"project_id":15,"estimate_number":"EST-2025-289","delivery_address":"大阪府大阪市天王寺区上本町","delivery_postal_code":null,"delivery_area":"A","vehicle_type":"4t_truck","operation_type":"終日","vehicle_cost":25000,"supervisor_count":0,"leader_count":0,"m2_staff_half_day":0,"m2_staff_full_day":0,"temp_staff_half_day":0,"temp_staff_full_day":0,"staff_cost":29500,"parking_officer_hours":0,"parking_officer_cost":0,"transport_vehicles":0,"transport_within_20km":1,"transport_distance":0,"transport_fuel_cost":0,"transport_cost":0,"waste_disposal_size":"none","waste_disposal_cost":0,"protection_work":0,"protection_floors":0,"protection_cost":0,"material_collection_size":"none","material_collection_cost":0,"construction_m2_staff":0,"construction_partner":null,"construction_cost":0,"work_time_type":"normal","work_time_multiplier":1,"parking_fee":0,"highway_fee":0,"subtotal":62000,"tax_rate":0.1,"tax_amount":6200,"total_amount":68200,"notes":null,"ai_email_generated":null,"pdf_generated":0,"user_id":"test-user-001","created_at":"2025-09-19 08:50:32","updated_at":"2025-09-19 08:50:32","vehicle_2t_count":1,"vehicle_4t_count":0,"external_contractor_cost":0,"uses_multiple_vehicles":1,"estimate_type":"standard","discount_amount":0},{"id":5,"customer_id":9,"project_id":16,"estimate_number":"EST-2025-076","delivery_address":"大阪府大阪市西区土佐堀","delivery_postal_code":null,"delivery_area":"A","vehicle_type":"4t_truck","operation_type":"終日","vehicle_cost":0,"supervisor_count":0,"leader_count":0,"m2_staff_half_day":0,"m2_staff_full_day":0,"temp_staff_half_day":0,"temp_staff_full_day":0,"staff_cost":53500,"parking_officer_hours":0,"parking_officer_cost":0,"transport_vehicles":0,"transport_within_20km":1,"transport_distance":0,"transport_fuel_cost":0,"transport_cost":0,"waste_disposal_size":"none","waste_disposal_cost":0,"protection_work":0,"protection_floors":0,"protection_cost":0,"material_collection_size":"none","material_collection_cost":0,"construction_m2_staff":0,"construction_partner":null,"construction_cost":0,"work_time_type":"normal","work_time_multiplier":1,"parking_fee":0,"highway_fee":0,"subtotal":90750,"tax_rate":0.1,"tax_amount":9075,"total_amount":99825,"notes":null,"ai_email_generated":null,"pdf_generated":0,"user_id":"test-user-001","created_at":"2025-09-19 10:36:22","updated_at":"2025-09-19 10:36:22","vehicle_2t_count":1,"vehicle_4t_count":1,"external_contractor_cost":0,"uses_multiple_vehicles":1,"estimate_type":"standard","discount_amount":0}],"vehicle_pricing":[],"staff_rates":[]}}',0,'json_minify','2778cc69');
INSERT INTO "backup_metadata" VALUES(6,'Level 2 Enhanced Backup','manual','backup_gen4_2025-09-21T11-08-14-048Z.json',377,0,'completed','2025-09-21T11:08:14.048Z','2025-10-21T11:08:14.721Z','system',NULL,4,'database','database://backup_gen4_2025-09-21T11-08-14-048Z.json','{"metadata":{"backup_name":"Level 2 Enhanced Backup","backup_type":"manual","generation_number":4,"created_at":"2025-09-21T11:08:14.048Z","version":"2.0","tables":["customers","projects","estimates","vehicle_pricing","staff_rates"],"storage_type":"database","compression_enabled":true},"data":{"customers":[],"projects":[],"estimates":[],"vehicle_pricing":[],"staff_rates":[]}}',0,'none','247fd458');
INSERT INTO "backup_metadata" VALUES(7,'Level 2 Enhanced Backup','manual','backup_gen5_2025-09-23T22-24-47-203Z.json',7895,12,'completed','2025-09-23T22:24:47.203Z','2025-10-23T22:24:47.863Z','system',NULL,5,'database','database://backup_gen5_2025-09-23T22-24-47-203Z.json','{"metadata":{"backup_name":"Level 2 Enhanced Backup","backup_type":"manual","generation_number":5,"created_at":"2025-09-23T22:24:47.203Z","version":"2.0","tables":["customers","projects","estimates","vehicle_pricing","staff_rates"],"storage_type":"database","compression_enabled":true},"data":{"customers":[{"id":23,"name":"カッシーナ","contact_person":"","phone":"","email":"","address":"","notes":"","user_id":"test-user-001","created_at":"2025-09-21 12:16:46","updated_at":"2025-09-21 12:16:46"},{"id":24,"name":"フリー見積顧客","contact_person":"担当者","phone":"","email":"","address":"","notes":null,"user_id":"system","created_at":"2025-09-21 12:27:28","updated_at":"2025-09-21 12:27:28"}],"projects":[{"id":24,"customer_id":23,"name":"1207　ホテル納品","description":null,"status":"active","user_id":"test-user-001","created_at":"2025-09-21 12:17:14","updated_at":"2025-09-21 12:17:14","contact_person":"前川","customer_contact_person":"佐藤"},{"id":25,"customer_id":24,"name":"フリー見積プロジェクト","description":"顧客: サンプル株式会社\n案件: 本社移転プロジェクト","status":"active","user_id":"system","created_at":"2025-09-21 12:27:28","updated_at":"2025-09-21 12:27:28","contact_person":"担当者","customer_contact_person":""},{"id":26,"customer_id":23,"name":"1207　ホテル納品","description":null,"status":"active","user_id":"test-user-001","created_at":"2025-09-21 12:40:10","updated_at":"2025-09-21 12:40:10","contact_person":"前川","customer_contact_person":"佐藤"},{"id":27,"customer_id":23,"name":"1207　ホテル納品","description":null,"status":"active","user_id":"test-user-001","created_at":"2025-09-21 12:46:23","updated_at":"2025-09-21 12:46:23","contact_person":"前川","customer_contact_person":"佐藤"},{"id":28,"customer_id":23,"name":"1206　ホテル納品","description":null,"status":"active","user_id":"test-user-001","created_at":"2025-09-21 14:16:50","updated_at":"2025-09-21 14:16:50","contact_person":"前川","customer_contact_person":"佐藤"},{"id":29,"customer_id":23,"name":"1206　ホテル納品","description":null,"status":"active","user_id":"test-user-001","created_at":"2025-09-23 22:23:17","updated_at":"2025-09-23 22:23:17","contact_person":"前川","customer_contact_person":"佐藤"}],"estimates":[{"id":10,"customer_id":23,"project_id":24,"estimate_number":"EST-2025-715","delivery_address":"大阪府大阪市西区土佐堀","delivery_postal_code":null,"delivery_area":"A","vehicle_type":"複数車両","operation_type":"終日","vehicle_cost":0,"supervisor_count":0,"leader_count":0,"m2_staff_half_day":0,"m2_staff_full_day":0,"temp_staff_half_day":0,"temp_staff_full_day":0,"staff_cost":53500,"parking_officer_hours":0,"parking_officer_cost":0,"transport_vehicles":0,"transport_within_20km":1,"transport_distance":0,"transport_fuel_cost":0,"transport_cost":0,"waste_disposal_size":"none","waste_disposal_cost":0,"protection_work":0,"protection_floors":0,"protection_cost":0,"material_collection_size":"none","material_collection_cost":0,"construction_m2_staff":0,"construction_partner":null,"construction_cost":0,"work_time_type":"normal","work_time_multiplier":1,"parking_fee":0,"highway_fee":0,"subtotal":99250,"tax_rate":0.1,"tax_amount":9925,"total_amount":109175,"notes":null,"ai_email_generated":null,"pdf_generated":0,"user_id":"test-user-001","created_at":"2025-09-21 12:18:55","updated_at":"2025-09-21 12:18:55","vehicle_2t_count":1,"vehicle_4t_count":1,"external_contractor_cost":0,"uses_multiple_vehicles":1,"estimate_type":"standard","discount_amount":0,"free_status":"draft","assigned_staff_id":null,"assigned_staff_name":null},{"id":11,"customer_id":24,"project_id":25,"estimate_number":"FREE-2025-040","delivery_address":"顧客: サンプル株式会社, 案件: 本社移転プロジェクト, 値引: 0円","delivery_postal_code":"","delivery_area":"other","vehicle_type":"フリー","operation_type":"フリー","vehicle_cost":0,"supervisor_count":0,"leader_count":0,"m2_staff_half_day":0,"m2_staff_full_day":0,"temp_staff_half_day":0,"temp_staff_full_day":0,"staff_cost":0,"parking_officer_hours":0,"parking_officer_cost":0,"transport_vehicles":0,"transport_within_20km":1,"transport_distance":0,"transport_fuel_cost":0,"transport_cost":0,"waste_disposal_size":"none","waste_disposal_cost":0,"protection_work":0,"protection_floors":0,"protection_cost":0,"material_collection_size":"none","material_collection_cost":0,"construction_m2_staff":0,"construction_partner":null,"construction_cost":0,"work_time_type":"normal","work_time_multiplier":1,"parking_fee":0,"highway_fee":0,"subtotal":55000,"tax_rate":0.1,"tax_amount":5500,"total_amount":60500,"notes":"aaaaaa\n\n[値引き明細]\n元の小計: 55,000円\n値引き額: 0円\n値引き後: 55,000円","ai_email_generated":null,"pdf_generated":0,"user_id":"system","created_at":"2025-09-21 12:27:28","updated_at":"2025-09-21 12:27:28","vehicle_2t_count":0,"vehicle_4t_count":0,"external_contractor_cost":0,"uses_multiple_vehicles":0,"estimate_type":"free","discount_amount":0,"free_status":"draft","assigned_staff_id":null,"assigned_staff_name":null},{"id":12,"customer_id":23,"project_id":26,"estimate_number":"EST-2025-922","delivery_address":"大阪府大阪市西区土佐堀","delivery_postal_code":null,"delivery_area":"A","vehicle_type":"複数車両","operation_type":"半日","vehicle_cost":0,"supervisor_count":0,"leader_count":0,"m2_staff_half_day":0,"m2_staff_full_day":0,"temp_staff_half_day":0,"temp_staff_full_day":0,"staff_cost":53500,"parking_officer_hours":0,"parking_officer_cost":0,"transport_vehicles":0,"transport_within_20km":1,"transport_distance":0,"transport_fuel_cost":0,"transport_cost":0,"waste_disposal_size":"none","waste_disposal_cost":0,"protection_work":0,"protection_floors":0,"protection_cost":0,"material_collection_size":"none","material_collection_cost":0,"construction_m2_staff":0,"construction_partner":null,"construction_cost":0,"work_time_type":"normal","work_time_multiplier":1,"parking_fee":0,"highway_fee":0,"subtotal":172500,"tax_rate":0.1,"tax_amount":17250,"total_amount":189750,"notes":null,"ai_email_generated":null,"pdf_generated":0,"user_id":"test-user-001","created_at":"2025-09-21 12:41:48","updated_at":"2025-09-21 12:41:48","vehicle_2t_count":1,"vehicle_4t_count":1,"external_contractor_cost":0,"uses_multiple_vehicles":1,"estimate_type":"standard","discount_amount":0,"free_status":"draft","assigned_staff_id":null,"assigned_staff_name":null},{"id":13,"customer_id":23,"project_id":29,"estimate_number":"EST-2025-036","delivery_address":"大阪府大阪市西区土佐堀","delivery_postal_code":null,"delivery_area":"A","vehicle_type":"複数車両","operation_type":"終日","vehicle_cost":0,"supervisor_count":0,"leader_count":0,"m2_staff_half_day":0,"m2_staff_full_day":0,"temp_staff_half_day":0,"temp_staff_full_day":0,"staff_cost":53500,"parking_officer_hours":0,"parking_officer_cost":0,"transport_vehicles":0,"transport_within_20km":1,"transport_distance":0,"transport_fuel_cost":0,"transport_cost":0,"waste_disposal_size":"none","waste_disposal_cost":0,"protection_work":0,"protection_floors":0,"protection_cost":0,"material_collection_size":"none","material_collection_cost":0,"construction_m2_staff":0,"construction_partner":null,"construction_cost":0,"work_time_type":"normal","work_time_multiplier":1,"parking_fee":0,"highway_fee":0,"subtotal":76500,"tax_rate":0.1,"tax_amount":7650,"total_amount":84150,"notes":null,"ai_email_generated":null,"pdf_generated":0,"user_id":"test-user-001","created_at":"2025-09-23 22:24:10","updated_at":"2025-09-23 22:24:10","vehicle_2t_count":1,"vehicle_4t_count":1,"external_contractor_cost":0,"uses_multiple_vehicles":1,"estimate_type":"standard","discount_amount":0,"free_status":"draft","assigned_staff_id":null,"assigned_staff_name":null}],"vehicle_pricing":[],"staff_rates":[]}}',0,'json_minify','7d967233');
CREATE TABLE backup_history (
  id INTEGER PRIMARY KEY AUTOINCREMENT,
  backup_id INTEGER,
  operation_type TEXT NOT NULL, 
  operation_status TEXT NOT NULL, 
  operation_details TEXT,
  created_at DATETIME DEFAULT CURRENT_TIMESTAMP,
  user_id TEXT,
  FOREIGN KEY (backup_id) REFERENCES backup_metadata(id)
);
CREATE TABLE backup_schedules (
  id INTEGER PRIMARY KEY AUTOINCREMENT,
  schedule_name TEXT NOT NULL,
  frequency TEXT NOT NULL, 
  frequency_value INTEGER, 
  time_hour INTEGER DEFAULT 2, 
  time_minute INTEGER DEFAULT 0, 
  target_tables TEXT, 
  retention_days INTEGER DEFAULT 30, 
  is_active INTEGER DEFAULT 1, 
  last_run DATETIME, 
  run_count INTEGER DEFAULT 0, 
  created_at DATETIME DEFAULT CURRENT_TIMESTAMP,
  updated_at DATETIME DEFAULT CURRENT_TIMESTAMP,
  created_by TEXT DEFAULT 'system'
, max_generations INTEGER DEFAULT 10, storage_type TEXT DEFAULT 'database', enable_compression INTEGER DEFAULT 1, enable_notifications INTEGER DEFAULT 0);
INSERT INTO "backup_schedules" VALUES(1,'日次バックアップ','daily',NULL,2,0,'["customers", "projects", "estimates"]',7,1,NULL,0,'2025-08-25 04:41:18','2025-08-25 04:41:18','system',10,'database',1,0);
INSERT INTO "backup_schedules" VALUES(2,'週次フルバックアップ','weekly',0,3,0,'["customers", "projects", "estimates", "vehicle_pricing", "staff_rates"]',30,1,NULL,0,'2025-08-25 04:41:18','2025-08-25 04:41:18','system',10,'database',1,0);
INSERT INTO "backup_schedules" VALUES(3,'月次アーカイブ','monthly',1,1,0,'["customers", "projects", "estimates", "vehicle_pricing", "staff_rates"]',365,1,NULL,0,'2025-08-25 04:41:18','2025-08-25 04:41:18','system',10,'database',1,0);
CREATE TABLE backup_execution_log (
  id INTEGER PRIMARY KEY AUTOINCREMENT,
  schedule_id INTEGER,
  backup_id INTEGER,
  execution_status TEXT NOT NULL, 
  execution_details TEXT,
  execution_time_ms INTEGER,
  executed_at DATETIME DEFAULT CURRENT_TIMESTAMP,
  FOREIGN KEY (schedule_id) REFERENCES backup_schedules(id),
  FOREIGN KEY (backup_id) REFERENCES backup_metadata(id)
);
CREATE TABLE system_settings (
    setting_key TEXT PRIMARY KEY,
    setting_value TEXT NOT NULL,
    description TEXT,
    created_at DATETIME DEFAULT CURRENT_TIMESTAMP,
    updated_at DATETIME DEFAULT CURRENT_TIMESTAMP
);
INSERT INTO "system_settings" VALUES('company_name','株式会社オフィス エムツー','会社名','2025-09-19 06:49:06','2025-09-20 01:40:43');
INSERT INTO "system_settings" VALUES('contact_person','前川','担当者名','2025-09-19 06:49:06','2025-09-20 01:40:43');
INSERT INTO "system_settings" VALUES('company_address','〒550-0014 大阪市西区北堀江3-6-8西青山ビル203','会社住所','2025-09-19 06:49:06','2025-09-20 01:40:43');
INSERT INTO "system_settings" VALUES('company_phone','06-6616-9171','会社電話番号','2025-09-19 06:49:06','2025-09-20 01:40:43');
INSERT INTO "system_settings" VALUES('company_email','production-test@example.com','会社メールアドレス','2025-09-19 06:49:06','2025-09-20 01:40:43');
INSERT INTO "system_settings" VALUES('tax_rate','10','消費税率（%）','2025-09-19 06:49:06','2025-09-19 06:49:06');
INSERT INTO "system_settings" VALUES('quote_valid_days','30','見積書有効期限（日数）','2025-09-19 06:49:06','2025-09-19 06:49:06');
INSERT INTO "system_settings" VALUES('company_logo','data:image/png;base64,iVBORw0KGgoAAAANSUhEUgAAAN8AAAB0CAIAAACKQHBWAAAACXBIWXMAAA7EAAAOxAGVKw4bAAAgAElEQVR4Ae29+ZeVVdbnee9z5xvzTAARzFOAqKgooqCgCGmaafKamfVm1Xrf6u61aq3uVWv1z/2P9A/VVdVdWZnva2Y6K4gioMgg8zzPBEHM83Tn25/vPjcCxCEV9SZvrngInvsMZ9hn7+/ZZ599hsefz+d9U8cUBx5IDngPJFVTRE1xQByYQucUDh5cDkyh88GVzRRlU+icwsCDy4EpdD64spmibAqdUxh4cDkwhc4HVzZTlE2hcwoDDy4HptD54MpmirIpdE5h4MHlwBQ6H1zZTFE2hc4pDDy4HAgWkbS0L+/3+QLMOmHqid/z8r6cz+f3+/w+rnjDQ93Yvc+Xy+X8fi+dzoyNjcWjkVAoQhRC6s/VKT/Rc3mlEChiKb42K1cm6Pc7Av0+D+pyHgXO+3PpbHJssC9Z0VDhC0b8FF10qzQc+XyOP0/cIDCl5/DDDrGKX97ruad0Ju7FBn82n82nU8MjIz293X1Dw7cG+voT46OZbCqZ8sNezx8oKSmvrW1onNZUWVEfi5aHwnFfyMt6OfLjbYGFkMuRFyd90CXSfLmspFGgzyhyoRxxFqFIp2Kis4AhRAifBUk7KLOuCtDkMczJBgIBuEOooaGhU6dO9nZ2PLtmbUNDoyRGdI4C1wqxLaVin1THHDGWs0HTkcUbB7Usb65fv3ry6GFfLr5mw5ryyoii5Kl4/kwmSxGtlA4qQiKHkhB/xBYrrXsAStO5XHZ0dPj6jWu322+13mhrb7vZ3d0+2D+ay40kxlPZTEZAywW9gDKBh5FIpKSktLy8sramvra2vnH6jFkL5s6ZPScWK/V7iF51SUFVqQLkBwFiuuqC/vHKdIQVSlRNXIjMYhxFRGdeMlCZTVFyKRGg+4xBlFu3OuCJ5+RE4HQ61dXZ+cGbbwY9b/Uzz9Y1TPN5AWo/CYmtd2JZ1L/FCSA6ojlLB+kwyvQ829Pbe+jggV0ff9TS8gRqTYV2AdCHHiVAz+lerYaK797aE510j2YFJKPDA50dbTeuX71y5eKFixe6urt6uvoG+vtHR0bTSb8XyGZpmaT+SDJANKKQtv68fDAULEGRlpVVV9c0NTUvXLRo/oKFTc2za+umlZSVA0j7E/sBaTaHIld8levL1c8oKuqpeOg0KcBvCp2lgqeTyWwWWXmhQCgYiXowRoIy8QidCo7I4BQK48yJ4yWxaGlp/Oln18TFUAsJ52mJJiIVlW2WmcOgyxd6XW0RPfrPX2Z8fPjY0cO7du44c/r0wgWPujJNhBcIeFKIWECtK7/FVvFz2WxqbHSou6v90sXz58+dO33y1IUL53t6uzJSk0HTvHAgks/RLlGpA5amTAUZA6DOl0ehJhKjw0MjnR2dnv/KyaNHDtbXL1qyZMnSZYuXLJ2/qKW+cUY4HDdVShowHlPDiiIVn5fJ4ei20jrii3YuHjphfC6fzWaSaRg+PNzV0Z1KpoOBUEV5eW1dXSQa9YIhz6PeO5mJLwWG5PPhoLdvz+7q2ur6adNaHl4eCISdzpWuon4H7qicojHOMhISIVjmIT+qSwIWFiG1LxDIXr18ccuW9z7f81lJKCKbTprN8CcVJetlQu5qSbMOFNKWCqNUs4mhoe5LF8589OHWPZ/v7WjrToxnyCQQDIf8YXhFYrl8LpPPYtnyPBj0YxCl0uOQYkgVZHO5QMDDnCBr2av5bLqzo7v11u3PP98za86ctc+/sOlnv6DBLymtCIVD0B6QwWzlghCIECWQV6hGVurinYqITh/GeO7Gzatf7N9zYN/+q1dupDOSUGVF5YIF89Y998KjKx4vq6qCD8Jo4VAtpk0nWCqV/Hz3Z6FIpLS8bNbceQEvmEX3gsyCfT8Ro3i/UjOI0QlQJorpP8xmNBA6fXhw4I03/nz86NHE6Hi8PJxOywadOPzBgJXRIgMGYqsyCgYCAle5XLK19epnn3784dYPzp89OzaSzOeCQS/q+YLZdArwEUP60aPxyWcyWLGZdCaBsgsESYSujyoJKWWzqEBBU3CXbkQFAPBAJpO/cb31zT+9cfjAkZdf/sVza55vmjObjhyUeYWeq3BZKKDovutyohg/9W/x0JnLp08cP7z946379+7pbu9KjIMtD216u+3Wjdar58+cf+3Xv1n97HONM5sosykS6Q9xOp9Lo2mCwf6B/i/27Y1Go//8v/yv9Q3TgqGoKvffgGlOKMjOL+WN4HlgWhNVRXuay6Tb29vef+etPbs/7+nuJpj0nLUJE9QK1naIfqUhS0/QpMfswZX8+MGD+7d/tO3ggYO3bramU17Qi8mQkSUDArPqWwPgPATwTC25KWYIwRoAhNRZclTT7vdnMSxJUwRwlQ+iGrFNyQ2tOzI0IugPDV+7dPG559c9tXp1IB7P5TNqj1QSlUulE91/g6N46BwbGQaXe3d/fu3K1aA/tLRlxfTpzUMjA5evn2+9da2vo6+8rLyqmp5lQygaNXFNMAVGYv3A4Ey2vf3255/umtbQ8NLGTY0zm/2B0N+AZxNZmuxlqQkDkiHCRPSZtts3sDXff/ddTD00Ke4b4YEw6DL7kwHAIYlbSy+zQNVQ0f25oeH+06cPvfvW24cOHOnq6EGd0TTjnAKzim19HVIQ2tU9BLLgVq28JUeSQV0TTmfT5wZa4oI1a5cU0uLKdM2k03gVhoYHurs7hwcHV69ZU1ZZ7YU8qLEk0euWliIV+ygeOjtut586cbL1Rqs/H6itady04ZfLlj/cO9C9a8/2vq29ib7hE8ePL25Z1rLs4cammZOsMJ6aPkFHef5sOn27tfW9t96qqqh6ek0EHwmtVLF5dic/I1MkAgKu+c329/ccPnLggw/evXTxcjCGFRfCCuVNNoO4BWXDsUBj5qXSsifcot6yg0N9p0+deOsvb1CRhwdHAj5MgJBclEKa6oHyIQLVFZuTDGmAAJLecct/n1k6Qi0eY4V3B+98mBa08Ri7PHbQps0P0KPP5TIdXR2Dewf6u3qxEFauWl3XOMMfoo8FVUpbtoqjciK94vwWD52XL13s6ugaH0tWllUvmL9k3boNjTMakrlsPpQ/duJQ+9jVocHBSxcvXblyuXHmTDgtnaBDwsjg5oBXXNObyGTOnj795ht/CUdjz7/4Qqy0bMI7XxyO3Z2LZOwadsxNLlKJxMmTx3ds//jY0aP4GFL5FP1AxAt6E4kkhVF7qwSsVJPydiDz+5Op5OlTJ//ylz/v2r47k0piW6MAM5kkjSwookUnGnGzdIHU4uL8IX+xRH10PCFmbtJeoyFBoVxLqgX8kTPVB1kTIpHLgeCgszTS6TR9f57T0Upl0seOHunu7U0k02vXv1g/fQa5CJmyXEhBNoTyL+JRvPwuXjiVGBsN5L1YODa9cVp5ddwXyYdjudqaspmNjYGQn1qM46OnqxtGB/00ZUiAfigdoVAEceJDoQJ7Qez2cKzk1KkzH2/bevzgAR/tPQKDf3CN/+gL2F+4MGn+AG5ax+tLiai2CEzIGYWi5pW6g86TQZhNX750fst77x/Yeyjoi2IU0gMGPxlgg2s8hK6zcTLRQw9FIhekfGnsPKnerP/00RNb335798cf58aTIRroHEak6qc6WRxCYhoXkWBKlhlQEwiHwvlsiA4QLVLQHwkHIuFQlOdSd4QnfUaVwCTWqLDMo3wwGMEsRf36wWQwSGeLWgP28v5QJha53nb1D7//77s+fDc52C2TVbRSjWSGiobiHsXTnbGSqkAgimcOKCHXoMqNAHMhOqLRSAaeA8eAGjKr7mID0oOnqXSaig6H4K0Qq/4snE6dOn2qoqqivKpy0fJHURbIg4gcxOKK/4WLH8BQ6SBT4UrPVJ1LuZCHMOXcgTn60V2dHW++8daxo8fHxhIWWJYb0LL8Fc/ImqCKklMacUAWC8i7cePqzh3bDx06mBhPBPwxWliXu5KyskOIQtqRzQBT+BgQyFF+3GRJS70vtDjODHImulIQDag94CWAyQgAs5jDNE4+L4umzQeEQSMV0AeDAYz77ds/jpaUvPrr/0jLJhwrl0LWClqso3jobJg+ywtFZfbnssNDDHL0R0pRLamREfriPaq++XwsVlJWVm6McEKFDRIJ3XZJCKWIKIKhLK6oYKC7p3v//n3hSOQ3sdLm5uZIlF6tuI8UHCYk1R92KClJ886hm8kH1tghvHQ60X77xtatW/bt39/R3g2xkEcNIqxoMNmSzj3UmDbSMxiSTIzs2bPrwMH97bfbnasynSa6ymIIdjVTT0gt5AXSKFFLNiNHlRcMRELBMKygnWEkn/Y6nUplQCne/FQKSnAhAV21LEBVClQGKGBFo4ZCgUwe0wmsg0KSCqIOzl+8ULJr15yFj7QsbyHZiSp1hw/FuSoeOptnzymtqAiGA7iLW1uvHD+2f/7iBePp8TNnjre2Xkd1BoKRmtp6XEXIVD1TAwEioMWCrVIfYhJqQA0dnEQCra03t3/8UU1Fzc9e+cXM5mZ/OGiR1IASpACje0BxX3wVSoDGl5BKJlCko6e7Cyfum2/+uau9H1TQbCo8761+OLpN8U/mbXYgxTTEJhLjly+d27Fj29Wrl0FGMBBW0jpUzaiT4Ejo4Vqsodn21JKLpADQqa6unTZtRlVVTWlpWbwkGisJA0emzoyNjg7ize/uZih4dGwMZUyKAN7oUlNgeIWTav/1QkyDar0ZGhk9c/bs1i3v102rbZg2PRjChNWbyQIU56J46Gya07Rg0by265d6O9rOXxz4/e//6yOPrxgaHT1+8kR7R0c2HcbBtGDhoqbmWZQchcR/VXPEQhtnDhO4BosApazPXJY2CIZ3dNz+87/8S0N9fSwerZnWgKcP68wML9hdgMgPYSWZuugGFzWXX0qNaRkjgyeOHXn7rbcuXbgYC5fR4UD8GCoWjkv9ATHaUJeQqzQ8EZFSr76Bvl5wcOLEkdHRkYAXoo2mdNJy4oN+iE9bbA015i0WJ28ATKisvLx51pynn1694rHHZzQ1lZdXRCJo0FCYLk6KRmmkq6vrwoWL+/btO3v2THt7O2N0OJhxI1grpEaJ0SVCYp44/6gxWPYTyO3p7fto25ZHVixftTpWVV0tQosNTvXXinSUlJW+8stXMuMj27d8MNjfe+ToyRNnL8KHZJruqa+yomLzP7y2Zu1zpWUlEESTJBsK9oUC0UgEwTBchP0jDtENkezobag7jKGKwfen1/8lGA2/sHEjg/FCtrSaKa4fo3DkRTKcHTQBFndWVdDi2f37P3v3nbfOn70QDceCdH3ovMuNGMplElJ0UkbSgNQ06tYEtOWRIE2gnk1nUG6f7doBYjBacvR1aNppiKXaFEbIpgHOqqRgCGimUv7KyupHH1vx7Jo1T6xc2TyriQh0cHBrEMk1Gzg0qiLRisrq2XPnPb9u/ZUrV/bu3btr145TJw+HcCH5qCoa51QuctpjAzNOlMdHwHiygcIj0+6edoa7ZsxEMVdiPvwYvPx+aRQvy6AvNH/e4s3/8I/N02cf2L+vs7trYHiEcTgmzsxqmvXEUyueWLl6+kz8l9KYCKaACeQiD4o8b8iIMz0nGKd6T5OPbpFRlb106eKWD94LRyMvvfyyCR65KoEfiFClIIQoNQdNdA8JI1Q99eds9Gvb8WPHUuMYbzgaqDeCoowP8heqDZ+QaW/sfvKZGtMbNy7v2vFJa2srBclTUFzvGqVUVKUDNnme94XoiWu2K+17gEmbr7zyytq1z85fuKCyqoJSqwJIJ5OJeAWqVTfpCgFbqncsumjJ4pq6upalS/Z+/unOT3Z1dd3SMLJyY2RJDmOhVNCmoeIJsUG6FMJpvNBHjzRMmzZtetMk8UW7KB46kURZSfmSJctqqmqZGtPT2zM8MhoMhvGrN9TVzV04s7yiNhwOG5fFa8OERIt40Aeq3UgeOeBQUfOqW+SALH2BbCIxdvLE8bKKisYZ05ctf8QLMKHhRzhExV2HtCZI0dN8Mpno7GylRca1OTgwpMrC1D4kq64wFSwjNSl8Kb4Dma7uHECDIc/xK1fOHziwl86N+clJGoNSZVOpKaYAKvUmr34mGw7Hmptnr3vx5fXr182fPy9eFlf6FolfVSUO+1VE3nBjBMTisabmmTU1VUzzxPG0c9dHt27dot4rcCG+KhMaQF5SPbVBfL9veGDwyOFDCxcv+XtHJ2Dy+2OxWPPs2c1zZ6eopNksrVXYpi34vBReJskOqYnRCqyG0Q5+TdCyO/Hf0SM2nYIxj9Rw/mlYuL+/7/Chg5WVVaXx8pnNs2jaCCsVUkjjfn6c6CZiigpJ35dPpVPYux9v/2DHzh0dt5mZhiOH5tyz8SCwJHRaR85FldgN2Q4LSpX/QK+/v/vq1fNXr12mHXCz4KR65RASOgU1cKlxCOZvEiPQNHPWiy9ueO13v6mrrw3RBHOAJFGkuiDSKK/Sti6TZW5oJXdRXlJasrRlecAfzuZSTKm51Xork0spFhGIpMqPN5kcxWZLmjrjP3/2DE3To489EY2TS9RSLdKpmLoTFUhHOzmWGEvn0vBcrExmx2iM8r5kJh2PV0ajpQEsdeOXMcAxGm6hkAJYo+bxlOCQGJBAn8pCJYJE4mtvu731/fcjoeiv/90/Ns2ejdEqNt9J7XvzVDLTITIkfaXFrJ9UX2/P0aOHfv/7/9bdMeDLQpmHk5xwnsfUPhpi+edlZErFS85O+rrhH8RaklSq6zeuXLp8YXh4GFVLGWVuMqrIwgmNUuoA6KY4vUQ6XVfX8PTTz/7iF68yxgYh9JREkg3nmIEqEkWwsUJ53n2oXpOzuLtk2ZLfRf49bvy33367u2eUvMjFagFRPXLHdiFZodyed3Z1Xr18+Xbb7bkL5t+dZBGui4dO0AT/jhz5YtfOD3sZEArgcw5ncslsnvmIwbGh4FOr1qxZu27egkVYQ8hPwsF9Kd0R9vsifl/C+pXokASqIu9PCbL8ybesoQwNe+Tzw0O9b77xRl19zQsbNs1onkOjSCJOhOSu0EQiDfFdd99+mBZE69CHgBhOdBv8yZGxo1/s/MP/+3/33BrymDyEmWjWKEn5hUvS1iQ0uQ40VOTRocFilLT9aVpzy1W2CuGv37x5o7Ujmw1j/zEGJI0rKoEpo9xhoqDkMll8THHPi6xbv2kjjrO5s2QfGjAd8ZPlIGVVH0vZvZo83ymqjYY2zZv93IYXugb6Xv+XP8ZjJKDxUICdxWNA/jKl0Bk6cr5gcnT89o3WtuvX5y6Y+7WJT+byo18UD50UPpORh/LwoSPtrR3qnqY9+utZ+o9+b2wkUVJS2bL0oXnzFyIgAovVYraUCkJWl4hH+ofUEI/8f1zIBFWjKsWg9jCfGRoc+uCD9yLR+AsbYrX1ddbTJ6QJyKUryBr4LQ9l9Q0HdqabhmZyJydU5PjevTu2bNly9fItKKIakZAUndFGJvpT1YI0hlnUNRYscR5hhDib1PIi2NjYSHtbW3dnFz2RMFBUSZSfhhkZA9JQrjXunsf4+2OPrXzm2WcWLFgQDP2QaVnSoORPIjjvnn9+3amTJ69fu0Ix1ZMS9xzPbfjDeeaoe/l82+22y5cvP/PCC46L38CtH/9xMdHJ+AQAzTCYPjAwEokEpjfOw4cciuDg4EjOnj23tIQpHQhcLIQRUiPqxCJg5K2uJLCUEjJwGR4UE01Ie2qIU0RshqtXLu/c8TELvl7a9BKD8pM2nAst+NhRgGzh7mt+TBiEVq+Wnorflz52fO+OnR+ePHEqmaAfDfeoPCJXmASFCFlkQw5loj+sTjiv8dZwrecikKCidmSgv7ujc2RwkOJhGxjE7W2hgDwouCYC/sDqZ55evGRRmdxt4s3X0PodH0GtSPSXl5cvaWlZv379H/9n2/jYCEmSriqaiqqTu7Ma4vX19t68cWN8bDxeErNXRToVD51iCYaVfHaIQw32yieefHTFYxVV5cyTCEd8VVXV03FbWLNVKL0EQSRNqEHE8FWsRXhqmgVVk5J4Kc1qg53mJNXQ4vFjR6OR+Kzm6S3LV5AXKkmxabVkEHxX+cr+08RykZNMjXV2XN269Z1Dhw709Q2y4FGmijrxJCt4KlUdEi4PuTKvAsXWE7lojX4F438ui5uzt7ubaU0hPDcEAr6agoASletRetQAEwqFK6vqHnv8sdr6GkKR2HelXhR95RCBxgi/v66udu3atR9v+/B2W4IxD16o9mh4FmeIZMQ1q+mocWPjY11dnQN9ffESJi4V7ygiOrGt0JwZCsxJ5tSsOY2PrlhSXVuF2OhPxEpKmadE0ZGBmmsJVay0ug7fzA1nukpSF8DhtJo/YsNSpE87C1vTqTTdoZHhwaNHDrxeGvnPddPqpzWqE2YYknoQlohrgPo2VoMDlo0rJOjq72t/9/0/79ixo/N2r+czoxAfD4jSIXIVagI53AQDUfmXaN+9jM8fYXY/66MIQBBNUM+OX795HbcaHKGrgkdJmlUFFigph0bqSV/j4OEFCxbNnj0rGqXLReAfMp/V+ClaVex4LI6psGDhgsGBvuGhQWckWY2Ct3KGMj6VyTEw6+FfGR4e6uvunt70d4pO1IxaXdzDtIjBYCIxsv2TbWfOnQxFcBeXNDUt3Kjp7jPFNuHI6Un4iDkmHw0RJTVjK1JEkuARWTJCqKU1LJ/za3gzkRyLhaNMsQ2xFn6w//PPduIH+A//9M+z587zgnKmKh3hQyCxrL4Vo6ZECNbV3vrpru1//B9/GB4alykpHcysOfleJg4hXlWFXwGNMaDRND05CJEXlPDjPr9Gj8iP3g6m8o3WG/2DQ2mRYh0n2S8aHrM2wHnX5MMPh2KLF7WUlMRD4aArvpF9/yd5OaxmwwqWwSxduvT8uTOaiMMqPDOjaN3EII2dMqtR5WLNEuvoB/t77j/X+4pZTN0p0xvZgCsmPoZDJefOXjl/4RqCC0diDy3vf+KJp6ZNn6E+TwGCJgu4hIhyCFHDJA6etPZMhzQYgLCczQanGVVAPXSBeJHLDQwMsDqnuqp6089fmbdoEdXDxpmkmnVIi34LOnmFPZAe6Os4ePDzLe9vGRtKB70QfWsOssmmNK9iQnGCSbQnulFFNASHmb6Clx696/kiPh+KE2677OjIp2+1tbKVh1VDgoWY1iKbWuXHd8agjeYN4hOIxUvnzVuocQo3/OR6MI7++zpP6EgZJSiKRQsXVldXtbe1kpiaFeOK7GYmfrKAA0plaOTSmSTD9PeV4f1HKh46ZStCp3qmWiwWjEQqymuqaqqj8SgymD59ZjSG/5xjsn00wUvAkrcUk5M9QnNPHCf1EI1l/SKA7zGYyNimur5kxOzQvu6e7R99VF5RUVpW3jBjBpEMvmqHlexfOfJjo/1ffPH5xx9tvXj+kufHt0UUNk1woFR0aNGdchaB7r+AykiMhiQlZtzzGHW8ctjEuBkZHu7t7mH/BbUMslHxxpMs/FFUMM1MLhoEWprSkgrMcYbglY3ym6haf4Xyr3ktVuE70Cgxb2EpefnrG+rLSktpzdCpPFMQTQmwauRudEdpsmOj1KWiHsVDp0oq9iMgmjkpthUcjz+OsQ83Kqsr6+rrnKTFNZggnvCD2E2hIF5Vbbk69VTJSarc0AZZtTexGeqUDYmYRcCahEsXL+z45JOyqur1L24oqXDzR78DlwFWLnHu7OlPtm8/dPBgIpEAndBgAzPkIDySpXrnJlXRIprtlQqYxtawIuDFxHqFSLkzIZiuxtjwCPtNhLxQLMIITMDLlWDhimolQvvKplEZeT1DJdVVtXW1DeBU4BQvvgPl3xzE+GbMAeXgkMGfaBRbi8pMreatTCYxVmGsjaCNwuZQDy85lvrmhH+SN8VDJ1486RHVTDiQTaYyDz+ybOOm9TWN9ZI3f/Dd/pyEdW+SMO8MzxTXUCjxixm8l/WuxTfcm1ZTIKlPVsehurRgQmiA0YePHPKFgnUN9StXrQqFFNbJupCUy+lLHEZbpAcG2t5///0jh46PDI+xmDyXSeV8IXV48P9QxQCm+u0qkoAjIgq0kaMcYYy8010TIlHkhJTpLNLzjBcGpjdMHx9OZpKMdQWDvvK8fxgQkJCGaqgGvnEKG4mU0W2prqlBt6FklQE5GVu+ROx3uzGqpBo4lIgxUMVQOy4mmtmDt0tDBhAtJaqZYQHm9FFKe/zdcvqRQhUPnTSI4n4WfcSsDeplYGyUlo3aGxQyYY6UEIfYh4pAjtRe/jRlByFjtHsIDj4G/d64Lx8iilZc0+HFu8wgTZ79CNg4i0khzMAI+jMMY/I2zSiNakM6ef7U0T//4b/Mb26qn16POcfAuImJZT2IytAjeSEjZYpdOzDY/sd//S979nzGLm84E3K+cNKfYJQy4E+DFC8byfuGPV9ViB4tI7I5FvcM+70EXnSMEc3uxHrU/HbGNH1pXyCVS2tFJFl6OeYW1NQ3/uf/8/9iijAtJmwhiqsnRhKYp4dHXMocjONjrIhojw54A6nGo/s9kTzZqXcFVdxQx0QsnbtsGkuXyq61UNL5csBSIXEvWFGwi0OhWPh+873PeMVDZ17dApya02bNXch84tKSEnaewezWsiy4ZKtbqMxAEmiaDHjMHZxk7Vs4GEiz8s1qcJAoYNq14UREabFiy6feJVPAfOkkOhMZMFOSljdKa8pUE5Tz6GjixLGT/+3/+e+bf/OruQtawlGtxCWO7AY5qqQEZQxIO+XaWm/u3PHRRx982tPOILjrxWbluCIbBieJSJc2EGbDQS3NsRlKHrPosnFkr0S0HNxSl05V70YZ2RlBcQ9A2bGMfhwQscJyIuOJaylR7qThMB9MDUvACqTfH3LINihQZu4rLfNIa3UHeUI2mlJMVu5wA3uTsBRACzziMcZKinoUE53i9cIli1/77a/pEMRi0ZZlS8oqVGCJRwPQgpmwYeg0MUikiiZ+ylltXIO/aFCpFvvLoPfAo9padeLgSXAAACAASURBVLGFNZSousCaBE4KGQEEZGUzff2927dvi5WFN3nBhUuWaTybfjTJEEuJCBRE7u3qPLBv7wfvvHPz2nVfNq7cJTzaaS7R5ChjqgeZkSc5yIRAWzMrP+UL5QJMPeal1LbKIRNOxTNx64qDFDir06NxTnvPQ4WAgsKtgn3lCfHuvCbE9z6Ib3wVDSSF9ZLpaG8fGh7G6KSAamyc586aL8sNhBLSY6knu2F87wx/WITiodOxZfacplmzmiRs2g7nIHLsQh0i8gLrHCKdrCQOs+xQWIBS1yZqM5WEWlCZLisPZ7L+saSXZsl4OMM6cqFXatBg7ewq6Yxce+ftbds+LC2vKq+smtHULEUo7EhWBoz82PDQ0cOHWJPOGLTPlw4FNcSPkpN7SJUCBWtIY3cSJZ8tjwPNQGIcA03rF7Xmh3zoS5Co4YtQUMMjfgsFnIDI3Vj8qhzvfktKd99+NfB3e2IEGEftxGq78XNnz/T39UGfNDRcMzaTF4eJyaZaebhYYuUVf7/olHLCAsuwjkX7oKqB4RBu1HjlfGmm+0QiURpxhqTpotprydcEwy5qaVa/EFo9DDCSYzIEyFN/BN9hU6MXDUQ6e4KtPczzyWhdMiGlDMkmhDMZROFJYUQqGg5euXTjow8/qSive3XztFAkap1XAQjzC/164eL5rR9u2b9/P7rE80roF6BQyIkQSM8fGNOdxIhdGY3kkwtnsoY8dvFaaGA4xHoNP/4mXDM5rgwApEsB5LJ1it+hyOiaABTvJ5+6i8knk89Vjh/jgIHqgSo1lmIne3u7jh8/NjAwKL5i0QdoE2xzB1og+gjspMdj5nJ74ZKSaGX13y86GSmhRb544fi+fbvZuCcawYVns4rUpjBqV8aWpyuffJIZdMCoIAgTGyNpDLRkc2P5PBtXcGBgJoGI/mhAFTs4ozq4oiXa1et7Y+tId6rMH2CWHRPXtNzbnxtRZwStJiNKg07sFnrh4on33veXVURe3PQrjc9ImeXZQLu3p/tPf3n9wMGDw6OjgFmWGJmjJJlupFWjTKpK4k71eREvH8mMeCuWp9c+7htJpG+1ZzoH6YBFglk6b2aCgACzMoQEMpDyk4ZWjRHUv6QL7wHfPbcFbtjPPRHvfvVdrlVUGKHx2dxAf+/evZ9fvHA+MY5vFYMEKLIcFOr4D4YJp0aMdXIx+gh1M2rq/o7RmY+i82639n6x59iFC6eZ9IY1TpOJmPhjA0r23m5qnjN33kIMPMdosVENLnCNsA0MStZaYDrj8JD+I3dqLtO5EXrozXWpBc2+zq7A9gOJJI2/LEL2UmNoGocNgdWABzQ7GIgHWA5+6cKVt/7yVv20piUtS1AMmVy6q+v2n15/fd/+vb39fQzhoaRz+Xgum0LzoSrVW2DaXy7oz4b8GfbTSDc1B15eF108N33iPK2B+nNUFbYaBuqyXIRukSgrWTqeM3ecKJIrX+H8VSyqgHZ89dVXn3wprb92Y+BW/nTmOjtuM0OehaBEUi2WMFL4/0GmmAWh5gNl4WtpeaxxZkOkpKgT46GqeHan8ds/Ojre093X1zUA5tjMvKquNhIttfk76caG6SXsZ66GG/miWhQDbmrumZpyQqm1FGTl8TFVZIrIpO2VRL15swIb1wSGxobPXIoOjOP7ZuNVJuEL3WZ5YkfRRGvHG3rPYyODp08ef/vP/+p/bfOSlkWDQ/27dn6yfdtW1CdZCpryvqQD+TTaU+BmUnyeAckSDIyIPzW9Kvny82VPPpKPh71z0vZonjB1ATLN70B3x2lH9Z8Ml8YATpBuJoc9t3cTWHRPfiD+JpP9hgvVDJgKNE8cP3bqxHE2RrWWBdrhD00LAaTpEQL1C3MZO6a2flrz7DmYXt+Q5k/1uHjo1FRH2GLdZyQHF1Y8tuKRFSuraxsYyWXToMbGac0zm016pmTEJXESjWs6EjXpuk0ZXchvRwDwCixCzMhgFl5FSeDxJYnxNLv+eWeueYPjjA/SSxK35XZEJhr4IK4zanMjwwOfbPugojQ8OtjV3dv9/ttv3bh6Gds0xNa1YJgjlMKzH8Tg1Lh+jmVD+XwEV2pDVXblw96mNd70+vTQiJY+gM8QeydRH9BKWAQCp9ApwesweX8ZhVY299JKqcuCXlXRCodheuLGfu+8+9Lj73QDRZCUSyaTbPS9Z8/uzo522nS/tlKCzzT7YpgqmrBq1Qh2RMJNTbRpC35Ixt+Juq8EKh46pTWQIpMZw5iD9IryCxfPeWbtysYZIBJtFKZbSGsoCjmpmRSa8fUxkZuNqdghA0NSsGX6Gc5R65AThurOPgbMx0jQNqfzpYHk86uiXYPhvjHfyFXm2PjxtquVBf/oP01MA6O0WOqWsdfAcH/flnfeOXHs0Hhy/OzZc2wpxms6UgztaUoJ+gN3tDbjwK6giUeVpOLxsYeWeS9vLJ81LYGuwXrIMkzg5YK+kqw/A/JBpDaABaRUSEGUw4ql+8KFAx2IsGLquQptf/bEgOwCFSIp4sRhqUzcfK9f1fVspqenh1XOhw8fJi7tiZwPqkuCJy3VRH2GXTjuvcrKyjnz5s6ePZty3X/G34vKicDFQ2dIioepDuxmmkZwqKIvDuxjvwrGkVFpDdNmPbPm2dqGeklJIERfylgDIlRlACoXOIqJO7654w+r4ZEEhYCQL1YaZm/5cQY5MoFYwDe6/olIcsiXHs9e6mQa2JgvHcaGAqSMQIZAHf1/EEoDzdShWL5/ZLyffR/o5wdKzSrVIJPUs/Rf1ovEzbRgikbOn87H/ZmVi+ObnvQeaiZ57NiQRqVMtinfmE1xo95lg3IAsIU2/V+DpvapwxfLyEDhcGK+B3h33Vo1vS8sCG105WxnG439SG0bS02N+1nFlU1+sm3r7l27hgeH/L4YA+z0hySbvD4JQp2lwvND/WTG4ejo6IwlM6Y3zYpoG4tiH8VDp9SD2C/XOL5BRubOnjl79fJ19CKSm7dg6dz589kRgFYFPsEdICJgmjdevWo7TJvovY2ymOpR2HCSYZq0+thM9cqno9VlwVUrgwmfb2znQGtHNATOtMQHzIXHkhn2fYiqg+XXd6c0fxhzCtc90dHK0iIcpr2JlWVfGFHCThj4u7Leowuy654KLGVlnpyfkr3VJqt4RJMaQsHaKkdiS8qURGJVaYpykCEAFWFwWvlSGQtYhwO4kXZ9umPPns+1vwMl1xp8BmJNHWjRc1D7OfqZlIh8KHoWN+fyhx6ZPWeOhiuKfhQVnbK6kRJcyeD7ZWuZeDxeFmZIMcx2fCVMdBB6YajQ6brn4rE4B2p0iD0FgPLrWhohCF1HBEY5MJdo/9m1N9U83f/UI95AX2TLnlySMWTzhTN1TdM42JUR75LHWm7maMjpJPnZP3kyLRs9skNDTmhxpgsHc/ObfC8+661oyVWXG9hEmuDsyAKXEO5u9YgkOGSBaPYPOd+hXwVUSX/0w7jkMjc0FZgFWKU5+RjcjauXtm798Ny5c7RakAhJlNPIobSQg9EpZxNKFCMbW33O3PkrHnts5swZCvmTkPxtPCgeOikxUqZG4i3Mpeg6BJcuYR/u5TV1DcFwhO+RNUxroL/O4SRnonW3UgAFbOqBSVmnQpA0nnxVdhl5mLDaJMifigX986cHXlhV0tE/duZytn+YnTeggA3D+LqP/VOwCX7r112bPC1pFI7c8+qHM/E+1VCeXPd07OmV4cYqHJ6Qg0ImlqlELlxs/Rb66tK4VpeglNCmzwqJ2+OJCAT6UQ/ysga9kKhUoFQpG4wmbt689tG2j7744ouenkHHP1BIs45H1wogJ5yRRRpqUliY9eSqZ5e0LKuo5BtRJFJs/Vk8dAqaTDPmqzi4ElkVPp5atnT5q5tfa5q/QKyh1TXOIEpAgxgBMVLkWvOIhUNXuQVU4VPhOauaM86kbaeRQQ5ncjCZH2VzX382WB4NPLKEmUvR1NvJ05dzQ5pNT5KslBnDNCS6LTXH5FLPAD2IpEhCv7qRxuNLVPg3/fl4Y7m35uHsrzb4qyshgGXrGHR8xkLeIlO91nZKbRKVyNKgdLyY0ImtS1ImewvL1U8FS8ERNjHMBieUiUjRockn/lxP9+29ez97/fV/7ehs5+NvjIWg0HEpykLFysa4xlLR7CTsb/mSaNOmT2/euOkVNucX+yWTYh/FQyeSo3B8lTWZZGKZnIdpVsBJv6jcEi/vdXIshWPShECP78GoRVa7SWi9lZa08NxgmMajfD0ARx0OR4GGxWX0nMNe2Mc2hbmxVQ9Fezv8qbHxE1ezSb5jSq9KM9oyIJGpcDY7VFgkOzc8Qsam2yTpYCwyOuavi6eeWh5+7cXaxrLxRD7MiFAwlPG0iFHGq/7pEMGGcqoPSWsphkAiwEo/GeUi3rBqpig3P90h3qkKo/1ZSsgspCPHjrz33jvtHV2xWBwPBk8w1aUC5JJgYRaKEy7nmLsaDPgSiVR5ec26FzcsWLKYD52pCbH1MT8dvV+bcvHQiRDBVzQWr6ypLWcZeygULyvTvFuJDMUqiSJCAUVazKHVRCuDSO8M39JLXHKvf2J+LpkK8Nm4NKM12rkBJ08Qm8lj2IOmORBh85dVywNDQ+GxVPLMzXQWZahCkwlopO+vfrTBy1CkNk7v7MwnPiIVwdRTywLPP+VvniEZ+fEgMXDPa03JhQD9N5NVap5roVA/pEFdshYBcKrvTHb22gLp6ic4yJVD1YHEIYQf/c/s2b1729YPL1+8Emb/M0xwM7GYAS17Gq0I46zBkIHEh8uSqcqKmidWPvXSpo3R0jhOeKVGJP0U9SgqOikfw+i/eHXzY4+vpA/0+MqVlTU1FFelFo9MozgRgw+eqO5rjog0m/7gkH544zrxxAMDdHD0Rqt4QmpP/VlmppkDn8dh3k2r8z/5SGiYPZtSiWttaVu4hklJN1x2AqkV0CnOS7ocukSR5DKPLvY9tyKwbL4/GmVXHZ6yhA0E43gIY9EpnIHA0WP41KwS6wFJ4HptVJvdya0KYI90/eMfjnukWwAU+pCPmB1l85LjR48nk6mgF2YfKMrGXG4srIxccqJThrGqU569m9kk55GHH3/557+Yv3C+ZsYqKVlZPz61fy3F4qGT0lHMOXPmzZwxk2YFwuLWTy9QaByCASZQcKkm30RZgM7EreBDWMOTrgnDZ/VIWx5NKnlWHzRl/hLwARC4KHGCovBmNXtr8uHxRHZwIM1kRqBJGuCYJCzlwknJAR/7x9y5WVXp9U9FH1/q1VaARFb60EKTPiBlHTBj98w1MSKNIKUk6jmgzu6EVrUYEMIc+ImclEMhoAv+451J1rAGXSj1XCqZ4Ktz77zzFlOuenr6WFatcVynBUQl5hBjbAopVmtHiBwTkVm8yoZWq1c/E43HcEtbEcGvGFbko3joFONoD3GphWJReipU5NR4MgmDGCSyz4yaS+NO+eEGDbytWICJpkERtKSOdOGjEkTqWq0xnEqX4DbK5vkYdCYciPqSaVp49UbpsPpzqVwyFAktmhsOB+Ott0cOXwiP8DjATgLAB+VheRr3aYPpGpA2VlZtpbfx6ejqx2MzGmROJNIRVovgDRDwyJ6OrgZEJTsXX+SIKsJK6av15C2hVUs4NJTKUxOyy9JF/DHPykCtDhCEQMaEOrezIHXbhwMDQ3Kza4SB8mpnMnX5shmsTIhiWqMMKfUPPTafX7fuxVVPPc1mqOZmcQX8qQj+9sIXD52u5iE/ujmZ9ND+vTvbW9ng1Js5c8HjK1fHKyoAiqMVTgBLEzztLjhiLAmXuJp+9amlC5lnRLusGUGoTi8XwYRCC2h0mL2pGFY0W0DtEYYt89loztgLJ+hfNCv5n14L+P6UOHQpMsDqoFAqwsImzReOYobm2PmC1i6QDyazM8u95x4Obn45V1pCr0ykBUL0IfjOIL1aCETO6BshG8uV/i5YMFvC+kkE0GImyMDYEB6hg80/3GwWM0rQ3Pd5kKAUHda1YE7xrUmyXOxK6lrP8t7wYO/J43v/8vp/HR7oY14VBWR75izdQY0J47JgrXo06+MbXzGmi7GCCF4xWvbihpc2/OxncxbOh2jaH5KikIIpKap9L+pRPHRSTtgJ81CAg4ODOz7Zfur4yeR4dvnDTzKMOb+lTAM6CnF3+RWJJ6hO0Ce3D3yS3uJK/kZQg25NayWu4uqeNtUuDOp6QK/Jy8eQR8qXQSBz5pVsXB/LBNKHzqWGGYNnHTmLm6Q3+FTscChfwQeka8vDTz4S3Lg+WF7KRiOSjNGk5lhSshtd64Vlqffc8UYitACQSUMp+EquTKTHm4C0RZ1L4AdIWoghP6VDCUUOl4Vf4ZWqkRgfPHx4/7vvvHurtTOfYxk+3BJp8IH6S40iuCl4+ZFoz+gYVZRXPrZyzT/90z8vXLiQT6O4ZGlMdIHdpJ9iH8VDJyVzAqSsaJH29q5btLJDiaqqmWOjrHV0Mvva8vMKhWVy1RmDUhYm+kN4NLcOISy+0OKS4MfsU/NVMX5EJC+b8jP12L/iodDAUGZ4NHvyWpZBTaZtojwBPnWAmR6V4fwjC4PPPO4tnI3vyFzu5GWJujOXlodwICWpHAr58uPeEpIGVNeOLNIRPnBQOFBOpmTpfp8TGejPKJBmk0GibN2l5c5N6vSZ4zt3fXLkyIlUghVPBIQFNDjim8JwxgiRBhUleJLYr2/JkmWbN29eurQlEmOioA6lLgsaFcqve1bUczHR6QAodjLFlRlnTApm4S22qP19W7HNaCOkmESjD7vUk1RDL9bxGB4LYHcJ3Z4oguyptLznaGBGzUmqviL35HL/aCI4kvBf7UVtkLXsRe3dlfGWLcqvXRl4eHE+hk9Qe8vcOcjKstETy5L8gaZRZeKTI8wsEALgmgGJogka5fCHXK71yP1XKvd1WM1UyUSFaqtS1Z9YIK7cvHn5kx3b6An192NuAjUKh460CQNY1MYwQiqiSOPCmzVr7trn1q9+ZnVE30gwsgqkFkh0Gd0Xvfcf6Uvcv/9kvkNMWjrn9qNdMrXHlnTwBnkymdL10L8mFWPUJLccDmhr4TBjMNbPIC0OYdRJp8DxSRaz0Bjb05QWkCYYa98Tc5uYyFfOcMD/eG8sIZXKIBMISjWWl7+0Jvz0I7n6Cja2x9h0WVsOjjoDhTK0w5xeSpUH/LeG3AhRBVLrSX5mKDKikGA3Dc191sEbazrt5nufSNJARcYkVECRGIBnIJUY63v3vde3b99661YHY0L0fAikWpML0A2iU44pbp5b6hXfjGOCdq6uvv6ZZ9e+uGFjrNRmv8ML6hJc1np2lcsVlvr2vUn9YRGKh07aTXGVgqsTAb40U4t7OOxYYKy+UxrBxYQAZ5nh6cYx9dr4xa/Cm9bEKNVj90rykl6z/3rIZFCGyfVhSfwDITZHzWKn4kpvrPG/tNpr7/DvO5HuYdsEn6+hNPvqi7mnHsuVl+D2Y61XYZdhKFHiOki8cNiVYUOvjVi9t+xVJJyhIJ7+FCYD78MYfz524MbJKqonUrm/X013nkgFtShcul3BfCNDQ1/s3bfl/U/a2wby2SheMG2Q5qUQs/VsaLD4WpcWFeIcQ50TG4X+/Pr17OEzw20AiFDUmSTVApWy8m2A9P6I/SGxiofOCSrlJcITzC1dRLhsrfa36U6Z82BKe1mqJdWokroXgrYEg1YEvzTfAqRkJsATgf8mOd4y5QSAoAfpbyfpJIXY6V3f/J3VkP7NRpyl4UMnmfIeeP7x8o3rcpWVY/i9wLTaaKU/gcwJaU0URApJIneHtA2WHFQhSkhimAqCaR2UAqYtM1uZv6wWVtQR6wfqIYHH5W0gYtMl9swf4GNZb77xh472W8yiZWIhYVAKrKW2DiX6U/19JjvQyqMg6A+Gw/Fn1r+08Wc/m88GfWIhCtMga/5mpxHu6IXJkhfronjoNFYabIAk8y2sRlKlcVjimZP6KYjZfozlE5JGubKFpGBMTEJKvESXWQeLhc9CHAnesgACBVjJCNB4kPo35JkC3MxwAFUMooS9XMu84HOr4pFwljlN658JNNV5ab4DQmQIFOAKdCj9uy5ddiTqnpOF2nQoU6G4FDxpNw0MPNVB3qQoQLk0703NkvxOJ6FdMCJwgWekmEsmRs+dObl924cnjp9OjDHzPwQNVgTCoiZVc6CLgoFOfnAOx2OlLQ8tfu3Xv3lo+cOltBeTRRTyxSzFskNZwQtX3u9E5I8TqHjodPQiFHFBBxeqv2p7NfRb4LQYMcEmAiNrdK0k7XQlHJfVKWEDSWkDJ3FjH0IzFproJH69k68RdykC5Amx5DziCq8oezIEouHAoy2B6lK+nJRbPI/FiCyzAVWaIqI9uRgWvUckIvMOqdwARtoC3Nskigj1FnDqGjIwkfnRhfz0nFVZCMjffR6WgeKLCEta9oMvd+3qpd27Pvn8s09Hhtiwia12IYHaoIlw+AoETeodA150kqQaMD4jzc3zXnnl1adXPxsri4g6pel0vUoNisVkOZ55+jeAJvkWD51wUgyFpXCLMbUJqw7mqWW2V186wSo9FZv4Yql2qkC8sAxYyVoSOvVasqGHJL66/4KovRKzlQb5JqUG82E2+8XlZza/nJB8AGUs61XF07Ut+qB0Nhti4A6Li7UMCJOpO1aF7oGSK4QEpmZdHQ4OEUmfr1BA3lkHBQUNbqlgmgOodhNVpChG3teU2FH9187EV9En4zMlcGx0iG+740Juv307HKpgK96MFjpr0rs/H2VtC04lrlgQDMlgLpPONcxoAJc/f+XVWDwiDaE237hqrRPBOFw3iML8NZJ+qvfFQydjPtIbQIwxtHSSHXxkgFI9kv7sCCjSB9IKpYQdBbjC1LBtZhnAW0nPXkPp2nw45g9onauQiiuAyXis2bEUWE3pxrNxf5OcmjR5nlm7QdpAg3XzMichRJ5MkCr3FJMhGEpBDartlRfJFCyrPgXvew7Fskd8gEPGKfGhgfyZOcAH4tmziZxkirAxGbYmGhi6GctmYEbDowBLuo6qNYmuezIo3EI4V9QPSHWMsRLorSh28aEEzGUT2z58eycf27zZ7feXJxnbYpK1tqulO84gEF9kHtG29GrZgSbATVZWVD+79vlfbP5VSVk5hAB2KqtkoDo0wXtlpUMk/I2O4qFT3+mTV1yK0vY+ibDyEaeNFuTGZKJZE2jsUJUXSwQD6SHxWZamBMYrFJwzBkCREpMATY52IebegVWh4ht/C0zmpYUmcYc0zpPathDGAMhpUm2InInDXfKWnI1OHuiZCuCeCE90jaF50illIFaKynwipW/6paSWsNIjjAtfiGVggiP2Kjc80H3wwJ4333jn8qXrqRRbHIpNYhg1k4maDKOL5+IRT4y8YCwWXrdu/YYNL86ZM8uNTbpSIphvoudv9bx46JT0xFFVVL7N/PTq9dNnzhsZHpk5vamObZCkV4ypJnT4q8Cwy7iKfNQLlvStZYTnbk6F2mePjT2QCTEERf2XfnLHxO9d7OX9V+AhsfDfQhei6MdJTW8U4K5DLxH5XU9cbId2RVMDSiwNGzgQQ5dAU8j8nvTuSmjiksJbFGPaRHBLWanDCVrjRGKIj8AyO+7CuSvjY2zjQdWHb9LWxgdaEwHS3MmiA+XIJpyrVq16aePGh5Y/FImrU/8gH0VEp2b4FLgRi8bXrduUSieYD8K37muqaxg8ErLEKjW8hjUDsvhLiyPbHoAaXnUy3cJJTwyShgh1BEjEpWNpFSB3RwSEM8Dfg1GStMxdQF0qIeXE4X7c2V5NUGoaSbm5COpauDt0l9oIxdSJQ5qfp3r91xFBeMu4cLJEJx8oO95nMuPXr1/avXvX/v1fsCSVphz/v4byZf5oax1qLNob40lNFoVmo4hIpKl57i9f3fz4E8ysZVMkGQ8iz5H0nUibJKMYF8VDp+SPdEw4GItVFSV8H1IP1DzTWKMbhUDxkTBYjTBVghDiYK0u9EICptmU9MRVpMBEWnoyHGqaUKB6RUh3lo1WkLQSUIq8tNQsiOQCCgtP3SPduJA2uDX50F3oFQc31lwqVUVXLnou9Qi9SlKP3cHVZIN75+nE26/+OprdWYladty6JwqfT3d3t3322Y63+BJrV180XIrBgynPYBFmJhyVk8AUKGyke07DwuIBvsr10qafrVn7XEVVqYhVL420ZDobx+4k/1WS/iZPiodOyVDQ4eNmg+23bpw5fYoOJiyrrqlduGDx7HktbA/Jmjgxyg556tVhVwdfBpRsJ+1Og5dDyy1owNRPRjHguMT3zLJsBMErzbu0NAQP4deh0wQsFtuFHsrYlDygy4m/IAACOLxOCmQyLiHdQydHU8IkAB2ixW4d8eQNHFH54IU4dH7t+WSKf+UCYJknp8AKQpO+zBd92lCFok3fuvXd9997r40vjgYifLlZgz/6ULbqL8MAVAdRxCIThjFSebzFdXX1q1c/+9pvfl1aXqrsrfBWTc2aFy8fuKN46FTR8/nLl8/v37tj/x4+Dt46NsKmhx6fW62srJ7ZPG/jpp8/vGJFTW09srbhIEWgiedPvISRuqQfCv+tT1p4JtmDFuldYU0/BXgVoHQv03n8VUkorPt/5yyCHZgLSZCyjskMuFbzr7xVlZQ5sIA+aWw7RPYEuHmg2HqriqHrrz1EgBEzEcQiWqVR3kA+xX5kOz/55Pq1myxYU70NsktPkkgsqmR0AzJcZRDPhGmPmr927bpf/+a306bVUXnRqvBIrJpo3F1BCxRa/g/CqXjoRGZdXV379+x7/90tly9eSCcy1dV1gWC4r3f85s0Lly9exwpFZk/hHC4tm5CLcATarEck+UupYetLzLL4BQUnOkQghWEOEV444RDMvZ3gNBGEJslGclYCE9DhhQFHz+zKzi4de+IkZxGJRBpOwRJNUjbVKeNYVOkEqU7hFah20S2lQhbu+mvOFmPyuSsBgof9cgAAGitJREFUhEAeyY+Nj1y9eObDD7devnQNvxx75ajSUmc1dYH2Bh8aE93lcHI0YguHwrFVq5/ZsHHT0mUPBZnqySGqQbAK4pSmmMLDB+woHjqpxmdPn9i/d9+5MxdpoObMalm5cnVZZWVrW+uhwwd6267t2727sXE6e53NmncHnYJQQdygk54TwlLXVH1/mGsv4SrQNCEBWQ44bbBzgr2b43oiySgZXQtDeqDDknOXei08FN4UHt79o5dEdkEcjYgddErG3OM/Q/JGuj1QiopvKFOIbz94PwkXLlTxSJOFvIlr1y6//8GbR48cGxlOBtgLXNa5DHTGJ1Gclrf8WWYYqDIHQ8Eli5du+tnLjz/xZIwNODHxRaZZ8lCvbr07oNZROvHgAfgtHjpzuaGDB3dfvHgWJIWC8fXrN23+9W9nzm4+c+Esm2Id2Tkwnki23+643Xa7ee58sU/cUbPEdG7ts0VrJLTwBhuMESOmarI9FbpTbnUneiLo0oFT15aEnRXRaQcLelcM5XMHM5arxVA6Ogo/dg0FPCS0I47LyZvChb1QFOxOM/80esm7ydemti2xbzm5PJUNhFp0DG9mG91uu7X7s11vvPGn1JjHl0DEG+0UiYnJwCVIpZbqG5guO+orz2trqv7xd797ctVTVbWVVqPdmKWNrrF8So2NDleku8vqnv9tz8VD59DAQHtbx8DAaDAQq66uf+yJx6pqK7yQb878Wf/p//jf+TQ9PaSGxmnNc+aaRpTk+Y+S1FQmNq4QuNThwfpHV1D9C115jFC+3cqW8jKxEAh7nzNsJM8K2JbCQVaFw8GtIAp7TEIGFwW2f2axKbiAAcakWkxmCiERSiE64HJGxtQPXtD5SSl72wvcNJ1qCU5Z20ZYJDC506BNsncIUkbffMgstIOMKMtQX+cXuz98741/Ge7H1M6z975wqWVrkWwuoaE4cQeWZRi6kh7N5HHVvfzCL59b81xdQwNrSWFEUGPXSlbKdVJvqox33XwzSUV+Uzx0pjJjjPOi9YIhj485l5eXhvnomt/HTh6zm2dNr6qhcabPztcy4RNqR5acRKnZSfTL1XaLvUCAazxQ5lSyJh4J2R9zQIPIiNhCkaAE0wVNXXyZr3p6zyH4KaSFlYXnLiyUvbsrHUuUDJhKLLSqpbRDmXIYnnlgb2UEcujj35pnJc/ZV8ixTL50IhVRwCEu8FWR1Oinu3Z+tO3jG9dvaZ0Qzk2tx8DiVO0gjPSmBpD0AIJSyUx1Ze0TTz71y19trqmtpfwEFUfv5YTL5AE9Fw+dbMLJ1A94Lh+HXEJuE0/ukmPDg+03rqTS2fKKyrqGxghLLMVHDiRDS4U7kzOHzWVQa08yEoljtmDogKV7BGQvnFytg/Ql3iv0HREZHO29PdeVciZ5/cp5aYdSLVw63BgIFdAyM2r1yMKg8gRY3kEoj+yhIWkiCYi/Q4LL4Z4zIUUHhyLmkocP7d+5c+f585fRmKqSAq/+adCegMqa2qtlqvCKBp9d04DmK6/+cmHL4lCEea2yMKyuWl1xST/w5+KhMxqrrKioi4RLRof6Esnx7u7bqVRzOJrv7+04euzInp2fjo8nF7UsXf3MGjbb9WPvC3LISN8Ix2ckVVoAAV0Ex2ITMdKX29kENCFT5CV0SL4SJD/6P/HjQglwk4/s5T0nF8UFdtcuAUHCDmCieSSWtR7w2IHGcoZg2yXKJYBmE4KMJBf7284Fs8IS5YvznR032ALp+DF9rjMUilI3bRdc8YP/MAY4FgoLazQ1xXto+aMbf/bz1WvWRGLsrAu/ZL6KFQXMf1vuD8674qEzHq2ZM6elvuF8X+/Q2OjooUP7ZzbVNjTWXTh3/C+v/3+f7zzEZ4zWvTi6YGHLMgOfE6SdJXZ1MpA20OCEREyp6i2sLyBXYDWESA6AQXfqv9pRAMmXOE/0wlse6+bO3WS4e6R5961Dp7ruim0wQdtK/qbK5FFH22s4i0ODBvq0rC3dmEz9ay+EIhJBDdJKpNk7ji2Qdu34rK+3j4kdkAn6WBFFfio4KlHpM2JJVjIt+dx93bRG9pkBmrHSuG2TAmB1qIz/po7ioRNmPvXU05cuXrp86SJfA3p/y5bLVy+Ul8f5oNP5c+cC/lh1VWnLkodbFj+MGwSBgy8kK2HQDxLrxVcxWO5ON/RCKJSoOvNoJpmmdGHphBISuan1tIZXUDHYcVIqpKpb6REl9/WgtLwka6V2zzERBezopaqHJiCzKaMCqiG2lts0q2vbIZiDraNoAggP/L4u3YlspOqULDv2tXdc37Vzxx//578O9I3guBTV2p1RYNOV1qazowkOpDxTOMkXJpTES//xd/9+1dOrK6uq4Ac9JeV1hwMTufxb+C0eOkHKzKZpL25Yl06PffbpzoH+vmNHz8Bn9unLZYK19TOee37dM8+ur6ltQDKCpnqsCJd1HXLRicdSF6CPW+Ar1z2w0PgIW8LrLTLlVlfI3yQiLWTAdA/uCMS9t/AFgNoT19bfCUZKXzn0zLWjpK78LQHOgJW+mm5xKJrNqt4ac68mRjJRn9Qg9fO/Jtkv5WM1hy2fer7Y//k7b72Fr4NJrszUZ96wJiDIbSSHgLUjsn3QoIxhknpVZfXatS88v25d4/RGep9oVbLiz0pnV1/K50G/KSI6fVm8wcuWL4tEwzNnzrxy+UpXZzeD7kycYQh44cKWJ554cv7ChWx4JHaanTQpReGS/4Y/KZ4C6pzy0nCHghMHWEpNIH+FcLy/Ixu9l5zsjWlOOykYaSuWvXbR3KVSLKQz8XjiVyAjgk76VQ9KfiPVGNHqqtNEYGWqg3uCf0OKdwITiK2KDx85+OnOXZcuXGLlVShyZ3RXE65xhElxkw9TY5lxzSQDX1lZFSuEfrn51VlzZmFukpwzz5WuKPy3dxQTnfS481VVtSseq1ywYMnNGzfbbt1OjI3HorH6+vr5C+eVlZXT+AkiHBNuSthvxlsBAghYPk3uTB3YralSE72kb8AtoMCJYwJhhiF3YzBx8BK6iGPq0B4rkntgqbk0CikJDnbpQurG8rRb3dGEG8UoNP7J2lAzL2cPehPSFVkpcOESstTuPZFc+srVyzu27zxy+Dhbk7LMFzVpdo7ykKUpd4AylH8KoPJRuljJsmXLmauwctVKKrwlqQKoMlhukzXx3twe4PsiolO4U3sEn8vKK1paWpYtXSYRmc5iK690LgnP6aGbsx0VhI4BOdJD8JdX1tGREgKw+OVpQLlE8pK73kphmigUWjgiKmdB7c4hkeqda14Vw4DChcIptHTbZAx3Yam4mIYsdxIuXCyZnlQibcWInQHBcuxoLos2XOCARn281j6Dzq3ysOdfdwLSmeHh3g/ef/eL/Qd6uugJ8XEvj1lYchfJ/EYhEoZQKp9S4Ftkgcj8eQte+TlrMTazX7M9JBMUuTJTuzChsL8536+jRc++ldhvivQjPS8eOh1gBvrae7o7MBzZhgpbStMXcNEjyFS6tKy8ftqM8uo6NicugEIjwk4Zqe9NCnjdGQUBz2zvhwHqehqBXDiQGcl66VwgF+dz6l46q8XoCInmNaNtfhGTPleEZcZ6Ir6by7d4uGN9EyvbZNuSDfwEQwIVYTEVEAsyVR9ch0O6KobcN1JdbNoVYmNvagbwCeRNubGqjrVmqjP6rFaGtUop1kUZQFhTIRvUDGUys1qAAS3gMHlAYLXENQFuoKd9y3t/3rH1o/abt5h1HQxE05kxt8qZgOql+8bADHtzYfcynzOdGm+cNmPz5n9Yt26dvkim5GCWSLYqp7Q195Bfm5JE1S5kyKAH6+DZKKWw+NFqpdboY9xjsnJLl4oRB0CiRHTmt4hH8dAJVxPjYwcP7vv4o609Xf0eX0/LYTCxdCxNfzabyNbVN7zyy83Pv/BSKKLPGDgWwlMAQW/XAIQEUZzaQQCUcS3hqplj/yp/IhkZGYt74ThyyOT4jivtPx6WPJv3g0J2XOA5oEIBMx9UPVk5yzlpbwzkAxRR3IIPI5AmAFPVBeXDQw4iCJ0anWHZpkcvOuqFk9ncUCadom5AFWBRU2ABlKHoVNqaqEFEsjBcSsaUj1f6kWaTSlSsvp7bBw7seevNd2/eaKUasLepmgViauYg01cBlOYYONeSkqBilASra6OpbP+1Gyda29k8QizVHAShnyxZ2J60bxIpF2oWY+tsPaFXkJNhlhiJC7CGPHQB5WbDErFGu/rwZWg+rpfLR8KhuurapnlPGG+KdCoeOtF37JTZ09t1+syJ1mtt7BkZ5ssPONo1kOFPJ/K9fQNPPNnJaHvQWU0mOrhmwHC11okSiTo4yQgVH4PeQCJ38rwvk0rHA2k0I1vIi/tM4GFHTtwCrAfGFkDXmCuAW43DSz+yc4t2WZWWRBaFqT264wYpiTIjANhiAIMS0AlGFcDvG815JXK5Zy/eynf3Im+WjfNlYhJi7yZ61FxDpykh9Zn4IyOHfOLrcDkBCFPz/tHh4ePHj2zd8t6lSxfTmTwOKHKhCRfKzW0lYmRoEhM8QZvKxYKNoeGe3Z9/fOr0F6qs2BOstJpcAZuVvaEvXusQR2hGqKXKVLeBEJ9dRt8bPTltN84t46Sq+aBTHxtnj74saxnKlrcs/u3fKzqtIUY3SQtITHl/82wdFZWl2oU3lYmXls2Y2aRVxKZfjF1cCp0mVNlO1H53i6glB4NuLuR1j+YPnk5fuKw9X71gOENLRgOL/zuV8YfDGkoRuwUsjfNp+1lJG5JAJ/XBUMKthSmAUyhTTxhoYF5IqQqd3JgmU86ptL9EujU9lPR1j1Kl2DOWP7ALOoGO3JP8ORjxy5VEzp8VSydnHvOrrLIXL53+9NOd+/cfgCGhEEAB+oqGqaEiqFkXAyBCKZCciiCTtLunt6enSy4Dks+GQSfwhWLIRtGqWy+ThD9h3XQnKaAdASLDy2Rt/mM4zqdoNUsBn7/QyVs+EEq5YFl9XU1u3P/b/82JpUjnIupOWy6OMtMmALlQSbzsmVUvbtjw0py5zdojyUuGwhGWV4fiJY4xJghDo9pczZ+AX+ZbVoPIW3nApT3YWYatgrzEmL9djSsrydnDiyBJqgEr51nhzo2qhToTJEJc2a8kgCyRHyM4PDNxS4NIwJYBmchk5V5Q408zUYjFmYeCqS8bBSE0wJrbwhX7COsd8Vl1n/NFmFOAHuIhRKKHhNd8WCkpAw4loluZqqn+vradOz74fPfu4WFMnRI3LkZITXKTrZvgbPgUNOmBQQJ1R2o8H8IIpqykKB0v9hDGYZmcsVe4s1YeC9Jfwqo4bX6v1JjGH+bjMPZZCIXEfhL9mvRJwtL6EA6bNXWFL5nk/36/z04VZJ8FmIdSCEUZieu/cGVPdkdb+RH2hQtEgzOeXPXM3AWl+iKq2l8EJsZzAhTwiGtgwSElALNQhgKSWkuaJnEfw80D+DSpdETo7agTgt7MB7FKQaQShM+CtZQKTZuUg9guDaf0UVQGHAUhBolLpByWDw8JSURpXasV4/TIPT6RBPJJmmlTaXowIBpyRDdtIlswKLYknfeP8+fzxqGSdzyld2+6VVmzgfOfXv/99k8+6mjvANn5PNYsNol23iMBrEZZmH42ntCsrnx+hBYGaDp/PKSqt2eT5FG6+saO8AjwOauM7Dtu5ZOqzPoSKi3lxNSRgjTjXEpX154XYXsIGzHg6wcUBC7xjREaetJkz3IlU8yjeLoTfglqmvsG82LU2vNn2y5ebONr2ICRz0fHS6vqG2eUlJebRQjDXMONPsDLxL9wOkDPF3YiXb0yUInVkiA3PECDaAcPdBhKi9yo+3RDogK29IEgA8BkjdI6OoCiEt1jiZHm0Kk1RZW8pJ3Jj+w4JEqwyAuLAVhUNzQHXvRg6mEBq62Wg0u4wOCTvtRbkE8XMENKMFw8p8VUJ0xXvoH+zs8+27r9o+0dbd0CC+XPwx81qcqJ/RypaEI/UwmpfqIjkyE6F7brE3vbpZNkJgypFLTOsEk08p9Z2gTnsRWfR3rq7AsCqbRUHAjkYMGSvponzOuscpCZvSakLh1ziFOko3joREgwWfpAm6gAES8UroyVxE2ivrA/UFpWwdp2icsOxxCEw4V4x0NjkVwwdDv4JpHJiafITT0jOUAJCU+RrqwuctS308GylKsQxntemWoDiugKewS6XOpkYN183ek/oBLkbTG9ZU5m5mHlDZljlPExKkUCAfgcpTTJEumCffCgXriMPdNQAkehGK6EtK8qKd8eOHXyyFtvvHXzRkeKDWh5KJUdsrIQgWv8YzbxgIxIyuoYwZRugUzaE+71jrf4xVSlQJWqsdoMRwSPRBA2kMAHHmnWKQx7QeJ0E4spmyoV4UWYiKZVEM5hmh4puyIfxUMnOoAW0Mw/G0Px5RcvWbp0+fLK2ko0XjzgPfTQ8rLScsqvugs7zChTlbc2vaC/XM2XhtBrOEcw9JJPJhH3GGLWXKIq1eIiIn3GEA0iGCpRaQmxW350Nbp8RZ2ULRlOXGiOvfJXuyg1wjWPJVdlLYVsqkdRNPuYLwBJ2gRDEbIvphFOXByRiF8A4mwXSpw/pagksT346G9i6MLFk9u3f3z08ClSMIcX2hEKZRdapaJTY/SRvX3JBUWXydmG9qqKVDyrmqxY1yF/FYOgECGIO/OGkqsFoa2AA1g2aEfeihkqi8DOrysxdUukikO8IQhFU2BJQKmrdEU9iodOIMK20JlMki1AWGLN5y8WLJj7/Lq1TXOaYX8IENGHyaQCuDP4eKDjkLFDAJQKEkrctXgt05Q/QtAlZeMvvnGFA5XN4zAGkzIBfRF6G/Re02ZkIioTgeshca3mGh3M8hw850gONFsGPBYmlTbmqfrpTkCSDiucoAFgQwaSy6YH2QkUFaQBy4y+zElHDWDxDhDaBW2/td4iXM8nBG6q3Mvcaru4c+e2D7duw1/KOwOAqxsGDYUXflRXsAdJgBBMSaLKCttmBvJSH80IMxJFvaILFdTcD/gitQ96WdjCZmPUUvWYPPpq1EbFF9pJmcrp0x4CVnbArViKR0QVHHjCAHYCwmecofdZVGw6G6g4WbIsy/og0UAwyqprlM7u3W9fvfZFWXmpxiLFkeAza9Y/t25DZXW9egximNpjUMum66heWW9wj53PA1IwAAiGI/4MnSFUjWo4hho9iTF/IG7NGxIoZZmRGUxwFh3N3pZCInwHhRJnjq/1MLKE3oIANh2j1khBggrwS7gcvkPVCmYB0Wizjgc7UpShTXP+Ui+HztYCdqoAnR6/L4IRCIQQf44RHYmbTQlBOj7/8Ww2Qf0U5UogNz4+tPOTnbt27Bwe6g+H4hjD5MZac9VEWcM0uCQep72FTEwUkIQaJiolhFQ5xkwxe/4wX70B/apeoJJ+ET0jzUHmng86kD1oVcebePkAjQkCTxryqHv9ni+ibz6TpT7cBAOtaYdAsR+e0g8TyqkbITaQLO5RTN2p1gGW4tXBU51M5q9e7Wy73Ycxit8H845Ri5ra+Y8+lqysttZWLSaM1MIufThCX1zFwKf/iIuYaXVwVqCRnvDzSSzAJcmZvlM2uNiNvzAXPQMeZSBq2ANsqFdg+ONdkO+6gj/0Eg/TWGXoRABAsrSsMlK1oSehicyQlQQMWJyWU5srAJKYEGstvtKxgy9M49JSRNCllkBEGO6kIXOZ1Pi777yza+dnt9s6yU7aF4QLYLToUsXUJeoJ6ZtZQhIQqRrBk1weVyi5cqsDxJEJqbtOjPSdqiohuXDXosJMG3IGcCIDcqgm4M5aCiJZIfQJFKi1+ilwqprKJFJjJo8LoYp5FA+dFBE/yKzZc55evbaznf1VcJKLVZQa2cBF9pudMXNeKFyi8gsQ7oDPYrR45R4IdIV6rWh67AJwbXpHG8WLyXqpsNIxoA25y0fJ84L1ieNekBDozVFIToYnBZCEqEmIw5Cs/J1EJVSRTb6237FeKwLtoNQbel15Ehol5FDNe6KSAkUlIhcjI4PHj+/dtu29SxfOMwUJUJKXWEFEF5orYVlosEjKzsotlAlnBBQ4jS0EVtWw6kj6DF9Jeavwek99EhJJjtTIncJiFts7QVjsZT9Rqz5GnuVgGSj2BM1SqNomtbhH8dAJAjhaWh4qK6ka6B+IRmIGAQlXAmD+TdCbNr2xorKCR04u4i/OpmCopq6mvqF+fDyh8WV8NEG+6ifLiz8ZdtoZ1IwwPUC/6a3jPLeMkmIw2j7qSI62FbcAQkE+9JywNcrQndK4Si6Vy9LLwSElcAJPiVV5IBMnaLpcAgK3UMgCCr7lCrylqbBNvJF8Vq4D3nFDnSKyskJd414vKwuHNfxDQ9Hd3blv766erq54rKwsXiWTV/CUt0jgo6qgHb1xazHITqYFep3lAwKrNrWlHcBJREiaD/qEWCM4mKQI7RBBKo2Itxg0KQW1jSJgZBKsEkBlkfszF6FjaSEFX6sS3BlDHHTFZKY+VpdX2AZMLpOinIuHTmosVZqpnODM5G3lM9GLNUKp1VVVV3mfhQC5F0PlZVUPP7yyrKQhkUwCI8wvL4TZhEjEtkwmH9CG2niwrT3Ks/ydYLZbGAjL6jvPjAaZHUbzJ2FIC9AgS/nRenKLpnFDeXwJk9Efs8ykelDu9FaQOodpI+koaRm5A9Cc0ndMbyMumANCYxl9FhVM8ISOXpJ8CEcq5FVeyde+q7EIR0dH29s7hgfGly5ekc+yOxxsybF22ja3hyoaZtQz/0b5kjHZMofLqgLVMa5aLAdrzOfHvUr9AFVCJ/aJ2ndVIaNVw5eiAxaqGIwFmR7nJbdWdkhHyaMRcc6zk7wadGM5Kw5kGeis1JScS6estHRWU7PCFPEQu4uY3VRWUxz4HhygikwdUxx4QDkwhc4HVDBTZMGBKXROweDB5cAUOh9c2UxRNoXOKQw8uByYQueDK5spyqbQOYWBB5cD/z9Ou3BZmZO/3gAAAABJRU5ErkJggg==','会社ロゴ','2025-09-20 01:40:44','2025-09-20 01:40:44');
CREATE TABLE backup_execution_log_v2 (
    id INTEGER PRIMARY KEY AUTOINCREMENT,
    backup_id INTEGER,
    execution_type TEXT, -- manual, scheduled, auto
    status TEXT, -- running, completed, failed
    start_time DATETIME DEFAULT CURRENT_TIMESTAMP,
    end_time DATETIME,
    duration_seconds INTEGER,
    records_processed INTEGER,
    file_size_bytes INTEGER,
    error_message TEXT,
    created_at DATETIME DEFAULT CURRENT_TIMESTAMP,
    FOREIGN KEY (backup_id) REFERENCES backup_metadata(id)
);
INSERT INTO "backup_execution_log_v2" VALUES(1,4,'manual','completed','2025-09-20T02:32:19.618Z','2025-09-20T02:32:19.834Z',0,8,32582,NULL,'2025-09-20 02:32:19');
INSERT INTO "backup_execution_log_v2" VALUES(2,5,'manual','completed','2025-09-20T02:33:49.520Z','2025-09-20T02:33:50.797Z',1,36,11947,NULL,'2025-09-20 02:33:49');
INSERT INTO "backup_execution_log_v2" VALUES(3,6,'manual','completed','2025-09-21T11:08:13.636Z','2025-09-21T11:08:14.895Z',1,0,377,NULL,'2025-09-21 11:08:13');
INSERT INTO "backup_execution_log_v2" VALUES(4,7,'manual','completed','2025-09-23T22:24:46.780Z','2025-09-23T22:24:48.047Z',1,12,7895,NULL,'2025-09-23 22:24:46');
CREATE TABLE free_estimate_status_history (id INTEGER PRIMARY KEY AUTOINCREMENT, estimate_id INTEGER NOT NULL, old_status TEXT, new_status TEXT NOT NULL, comment TEXT, user_id TEXT, created_at DATETIME DEFAULT CURRENT_TIMESTAMP, FOREIGN KEY (estimate_id) REFERENCES estimates(id) ON DELETE CASCADE);
CREATE TABLE staff_members (
  id INTEGER PRIMARY KEY AUTOINCREMENT,
  name TEXT NOT NULL,
  email TEXT UNIQUE,
  department TEXT,
  position TEXT,
  active BOOLEAN DEFAULT 1,
  user_id TEXT,
  created_at DATETIME DEFAULT CURRENT_TIMESTAMP,
  updated_at DATETIME DEFAULT CURRENT_TIMESTAMP
);
INSERT INTO "staff_members" VALUES(6,'前川','maekawa@m2-logi.co.jp','管理','営業',1,'test-user-001','2025-09-21 10:40:50','2025-09-21 10:40:50');
INSERT INTO "staff_members" VALUES(7,'齋藤','saitou@sunfarmnet.co.jp','管理','システム',1,'test-user-001','2025-10-06 03:52:35','2025-10-06 05:31:06');
INSERT INTO "staff_members" VALUES(8,'斎藤','saito@office-m2.co.jp','営業部','営業担当',0,'test-user-001','2025-10-06 03:52:41','2025-10-06 03:56:11');
INSERT INTO "staff_members" VALUES(9,'斎藤','saito2@office-m2.co.jp','営業部','営業担当',0,'test-user-001','2025-10-06 03:52:46','2025-10-06 03:55:41');
CREATE TABLE customer_staff_assignments (
  id INTEGER PRIMARY KEY AUTOINCREMENT,
  customer_id INTEGER NOT NULL,
  staff_id INTEGER NOT NULL,
  is_primary BOOLEAN DEFAULT 0,
  created_at DATETIME DEFAULT CURRENT_TIMESTAMP,
  FOREIGN KEY (customer_id) REFERENCES customers(id) ON DELETE CASCADE,
  FOREIGN KEY (staff_id) REFERENCES staff_members(id) ON DELETE CASCADE
);
CREATE TABLE free_estimate_items (
  id INTEGER PRIMARY KEY AUTOINCREMENT,
  estimate_id INTEGER NOT NULL,
  item_name TEXT NOT NULL,
  unit TEXT DEFAULT '',
  quantity INTEGER DEFAULT 1,
  unit_price INTEGER DEFAULT 0,
  total_price INTEGER DEFAULT 0,
  sort_order INTEGER DEFAULT 0,
  created_at DATETIME DEFAULT CURRENT_TIMESTAMP,
  updated_at DATETIME DEFAULT CURRENT_TIMESTAMP,
  FOREIGN KEY (estimate_id) REFERENCES estimates(id) ON DELETE CASCADE
);
INSERT INTO "free_estimate_items" VALUES(3,11,'４トントラック','台',1,55000,55000,0,'2025-09-21 12:27:28','2025-09-21 12:27:28');
DELETE FROM sqlite_sequence;
INSERT INTO "sqlite_sequence" VALUES('d1_migrations',6);
INSERT INTO "sqlite_sequence" VALUES('backup_metadata',7);
INSERT INTO "sqlite_sequence" VALUES('backup_schedules',3);
INSERT INTO "sqlite_sequence" VALUES('area_settings',10);
INSERT INTO "sqlite_sequence" VALUES('master_settings',139);
INSERT INTO "sqlite_sequence" VALUES('customers',27);
INSERT INTO "sqlite_sequence" VALUES('projects',43);
INSERT INTO "sqlite_sequence" VALUES('estimates',17);
INSERT INTO "sqlite_sequence" VALUES('backup_execution_log_v2',4);
INSERT INTO "sqlite_sequence" VALUES('free_estimate_status_history',1);
INSERT INTO "sqlite_sequence" VALUES('staff_members',9);
INSERT INTO "sqlite_sequence" VALUES('free_estimate_items',3);
INSERT INTO "sqlite_sequence" VALUES('status_history',6);
CREATE INDEX idx_customers_user_id ON customers(user_id);
CREATE INDEX idx_projects_customer_id ON projects(customer_id);
CREATE INDEX idx_projects_user_id ON projects(user_id);
CREATE INDEX idx_projects_status ON projects(status);
CREATE INDEX idx_estimates_customer_id ON estimates(customer_id);
CREATE INDEX idx_estimates_project_id ON estimates(project_id);
CREATE INDEX idx_estimates_user_id ON estimates(user_id);
CREATE INDEX idx_estimates_created_at ON estimates(created_at);
CREATE INDEX idx_status_history_project_id ON status_history(project_id);
CREATE INDEX idx_status_history_user_id ON status_history(user_id);
CREATE INDEX idx_master_settings_user_id ON master_settings(user_id);
CREATE INDEX idx_master_settings_category ON master_settings(category, subcategory);
CREATE INDEX idx_area_settings_user_id ON area_settings(user_id);
CREATE INDEX idx_area_settings_postal_code ON area_settings(postal_code_prefix);
CREATE INDEX idx_estimates_multiple_vehicles ON estimates(uses_multiple_vehicles);
CREATE INDEX idx_backup_metadata_created_at ON backup_metadata(created_at);
CREATE INDEX idx_backup_metadata_status ON backup_metadata(status);
CREATE INDEX idx_backup_metadata_expires_at ON backup_metadata(expires_at);
CREATE INDEX idx_backup_history_backup_id ON backup_history(backup_id);
CREATE INDEX idx_backup_history_created_at ON backup_history(created_at);
CREATE INDEX idx_backup_schedules_active ON backup_schedules(is_active);
CREATE INDEX idx_backup_schedules_frequency ON backup_schedules(frequency);
CREATE INDEX idx_backup_schedules_last_run ON backup_schedules(last_run);
CREATE INDEX idx_backup_execution_log_schedule_id ON backup_execution_log(schedule_id);
CREATE INDEX idx_backup_execution_log_executed_at ON backup_execution_log(executed_at);
CREATE INDEX idx_projects_contact_person ON projects(contact_person);
CREATE INDEX idx_projects_name_contact ON projects(name, contact_person);
CREATE INDEX idx_backup_generation ON backup_metadata(backup_type, generation_number, created_at);
CREATE INDEX idx_backup_auto ON backup_metadata(is_auto_backup, created_at);
CREATE INDEX idx_backup_storage ON backup_metadata(storage_type, created_at);
CREATE INDEX idx_estimates_assigned_staff_id ON estimates(assigned_staff_id);
CREATE INDEX idx_estimates_assigned_staff_name ON estimates(assigned_staff_name);
CREATE INDEX idx_staff_members_user_id ON staff_members(user_id);
CREATE INDEX idx_staff_members_active ON staff_members(active);
CREATE INDEX idx_customer_staff_assignments_customer_id ON customer_staff_assignments(customer_id);
CREATE INDEX idx_customer_staff_assignments_staff_id ON customer_staff_assignments(staff_id);
CREATE INDEX idx_free_estimate_items_estimate_id ON free_estimate_items(estimate_id);
CREATE INDEX idx_free_estimate_items_sort_order ON free_estimate_items(sort_order);
CREATE INDEX idx_customers_active ON customers(active);
CREATE VIEW backup_statistics AS
SELECT 
    COUNT(*) as total_backups,
    COUNT(CASE WHEN status = 'completed' THEN 1 END) as successful_backups,
    COUNT(CASE WHEN status = 'failed' THEN 1 END) as failed_backups,
    COUNT(CASE WHEN is_auto_backup = 1 THEN 1 END) as auto_backups,
    COUNT(CASE WHEN is_auto_backup = 0 THEN 1 END) as manual_backups,
    SUM(file_size) as total_size_bytes,
    AVG(file_size) as avg_size_bytes,
    MAX(created_at) as last_backup_date,
    COUNT(CASE WHEN DATE(created_at) = DATE('now') THEN 1 END) as today_backups
FROM backup_metadata;
